,morph
0,"['한국', '부문', '해외', '지역', '총괄', '부문', '해외', '지역', '총괄', '등', '종속', '기업', '구성', '글로벌', '전자', '기업', '세트', '사업', '냉장고', '등', '생산', '부문', '스마트폰', '네트워크', '시스템', '컴퓨터', '등', '생산', '부문', '부품', '사업', '부문', '램', '낸드플래쉬', '모바일', '등', '제품', '생산', '반도체', '사업', '디스플레이', '패널', '생산', '사업', '구성', 'CE', 'IM', 'DS', 'Harman', 'TV', 'CE', 'IM', 'DS', 'D', 'AP', 'TFT', 'LCD', 'OLED', 'DP']"
1,"['현대전자', '설립', '하이', '닉스', '반도체', '최대주주', 'SK', '텔레콤', 'SK', '하이', '닉스', '상호', '변경', '주력', '생산', '제품', '낸드플래쉬', '메모리', '반도체', '시스템', '분야', '사업', '진출', '인텔', '사업', '양수', '결정', '세계', '반도체', '시장 점유율', '램', '드', '플래시', 'DRAM', 'MCP', 'LSI', 'CIS', 'NAND', 'D']"
2,"['동사', '국내', '포털', '서비스', '기반', '광고', '쇼핑', '디지털', '결제', '사업', '영위', '공공', '금융', '분야', '중심', '클라우드', '인프라', '기업', '향', '솔루션', '제공', '확대', '웹툰', '등', '콘텐츠', '사업', '글로벌', '사업', '기반', '확장', '기업', '네이버', '파이낸셜', '네이버 클라우드', '등', '연결', '대상', '종속', '회사', '보유', 'IT', 'Zepeto', 'VLIVE', 'ICT']"
3,"['삼성', '그룹', '계열사', '설립', '국내외', '제약', '회사', '첨단', '바이오', '의약품', '위탁', '생산', '사업', '영위', '생산', '시작', '기준', '생산', '설비', '가동', '중', '시장', '선발', '업체', '추월', '생산', '설비', '기준', '세계', '도약', '동사', '바이오', '의약품', '연구개발', '자회사', '삼성', '바이오', '에', '피스', '아', '키젠', '바', '이', '오텍', '바이오시밀러', '개발', '상업', '진행', '중', 'CMO', 'cGMP', 'CMO']"
4,"['동사', '석유화학', '사업', '부문', '전지', '사업', '부문', '첨단', '소재', '사업', '부문', '생명과학', '사업', '부문', '공통', '기타', '부문', '사업', '영위', '연결', '회사', '전지', '사업', '부문', '물적', '분할', 'LG', '에너지', '솔루션', '종속', '기업', '설립', '동사', '양극', '재', '엔지니어링', '소재', '소재', '경쟁력', '바탕', '고부', '제품', '중심', '포트폴리오', '전환', '추진', '중', 'IT']"
5,"['국내', '시장 점유율', '메신저', '카카오톡', '중심', '모빌리티', '페이', '게임', '뮤직', '콘텐츠', '등', '영역', '수익', '창출', '상반기', '누적', '기준', '매출', '플랫폼', '부문', '콘텐츠', '부문', '구성', '그간', '경쟁사', '네이버', '해외', '사업', '실적', '부진', '평가', '최근', '웹툰', '플랫폼', '코', '마가', '일본', '시장', '차지', '등', '개선']"
6,"['동사', '삼성', '그룹', '속', '계열', '회사', '임', '삼성', '주식회사', '설립', '상호', '삼성', '변경', '주', '사업', '에너지', '솔루션', '부문', '전자', '재료', '부문', '분류', '에너지', '솔루션', '부문', '중', '대형', '전지', '등', '생산', '판매', '전자', '재료', '부문', '반도체', '디스플레이', '소재', '등', '제조', '판매', '리튬', '이온', '사업', '시작', '품질', '개선', '안전', '확보', '등', '노력', '결과', '현재', '업계', '선두', '유지', 'NEC', 'SDI']"
7,"['동사', '설립', '유가증권', '시장', '상장', '동사', '자동차', '자동차', '부품', '제조', '판매', '완성', '차', '제조', '업체', '현대자동차그룹', '현대자동차그룹', '동사', '포함', '국내', '계열', '회사', '소형', '코', '대형', '인', '팰리세이드', '제네시스', '등', '출시', '고급', '차', '라인업', '강화', '수', '소전', '기차', '출시', 'SUV', 'SUV', 'G', 'GV', 'SUV']"
8,"['아시아', '자동차', '현대', '자동차', '인수', '기아', '차', '판매', '아시아', '자동차', '기아', '대전', '판매', '아시아', '차', '판매', '등', '통합', '국내', '소', '하리', '화성', '광주', '미국', '슬로박', '멕시코', '공장', '생산', '능력', '연간', '규모', '전체', '매출액', '내외', '내수', '시장', '판매', '북', '중미', '유럽', '시장', '등', '해외', '판매', '비중', '상회', '수준']"
9,"['동사', '생명', '공학', '기술', '동물', '세포', '대량', '배양', '기술', '기반', '항암제', '등', '각종', '단백질', '치료제', '개발', '생산', '것', '목적', '사업', '아시아', '최대', '규모', '동물', '세포', '배양', '단백질', '의약품', '생산', '설비', '보유', '향후', '개발', '일정', '수요', '등', '고려', '신설', '예정', '세계', '최초', '개발', '자가면역질환', '치료', '바이오시밀러', '램', '시마', '미국', '판매', '승인', 'therapeuticproteins', 'FDA']"
10,"['동사', '은행법', '근거', '은행업', '인가', '취득', '모바일', '기반', '사업', '영위', '모바일', '기반', '혁신', '유', '중심', '상품', '혜택', '기술', '적극', '활용', '등', '강점', '기반', '소비자', '효용', '편의', '개선', '금융', '산업', '혁신', '주도', '플랫폼', '성장', '비상금', '대출', '마이너스', '통장', '대출', '신용', '대출', '개인', '사업자', '대출', '전월', '세', '보증금', '등', '여신', '상품', '군', '확대', 'UX', 'IT']"
11,"['동사', '열연', '냉연', '스테이', '리스', '등', '철강재', '단일', '사업장', '규모', '세계', '최대', '규모', '포항', '제철소', '광양제철소', '생산', '철강', '산업', '자동차', '조선', '가전', '건설', '등', '철강', '수요', '산업', '기초', '원자재', '공급', '산업', '이후', '경제', '발전', '중추', '역할', '수행', '국가', '기간산업', '매출', '철강', '부문', '무역', '부문', '부문', '기타', '부문', '등', 'E', 'C']"
12,"['동사', '설립', '한국거래소', '유가증권', '시장', '주식', '상장', '무용', '도료', '기술', '출발', '폴리우레탄', '수지', '전자', '자동차', '생명과학', '등', '사용', '정밀화학', '제품', '생산', '판매', '것', '목적', '사업', '부품', '사업', '영위', '용', '부품', '사업', '부품', '책임', '공급', '물류', '센터', '등', '단위', '인프라', '구축', '관리', 'A', 'S', 'A', 'S']"
13,"['설립', 'KB금융그룹', '지주회사', '업계', '선두', '시장', '지위', '브랜드', '인지도', '바탕', '은행', '카드', '증권', '생명보험', '손해보험', '저축', '은행', '등', '사업', '영위', '기준', '국내', '원화', '예수금', '원화', '대출금', '업계', '점유', '국민은행', '대표', '종속', '기업', '푸르덴셜', '생명', '인수', '확정', '수', '가격', '지분', '일시', '매입', '구조']"
14,"['동사', '설립', '게임 소프트웨어', '개발', '서비스', '사업', '영위', '모바일', '콘솔', '게임', '제작', '국내외', '퍼블리싱', '사업', '진행', '작성', '기준', '계열', '회사', '라', '이징', '윙스', '블루홀', '스튜디오', '드림', '모션', '레드', '사하라', '스튜디오', '비트윈', '어스', '등', '국내', '해외', '시장', '신규', '상장', 'PC', 'KOSPI']"
15,"['SK', '주', '투자', '사업', '부문', '영위', 'SK', '주', '석유', '화학', '윤활유', '제품', '생산', '판매', '등', '영위', '분할', '신설', '법인', '동사', '인적', '분할', '설립', '윤활유', '사업', '부문', '석유', '화학', '사업', '부문', '물적', '분할', '동', '일자', '기준일', '사명', 'SK', '에너지', '주', 'SK', '이노베이션', '주', '변경', '말', '회사', '전략', '판단', '사업', '매각', '완료', 'FCCL']"
16,"['동사', '설립', '삼성', '물산', '제일모직', '합병', '건설', '상사', '패션', '리조트', '급식', '식', '자재', '유통', '바이오', '산업', '성장', '매출', '비중', '상반기', '기준', '건설', '부문', '상사', '부문', '리조트', '부문', '급식', '식', '자재', '유통', '바이오', '부문', 'GlobalBus', 'iness', 'Partner', 'LifestyleI', 'nnovator']"
17,"['동사', '사업', '이동', '전화', '무선', '데이터', '정보통신', '사업', '등', '무선', '통신', '사업', '전화', '초고', '속', '인터넷', '데이터', '통신망', '임대', '서비스', '등', '포함', '유선', '통신', '사업', '플랫폼', '서비스', '인터넷', '포털', '서비스', '등', '기타', '사업', '구분', '시장 점유율', '무선', '통신', '사업', '제외', '약초', '고속', '인터넷', '부문', 'IPTV', '부문', '수준', '연결', '대상', '종속', '회사', 'SK', '텔', '링크', '등', '포함', '금년', '중', '지주회사', '존속', '회사', '분할', '예정', 'MVNO']"
18,"['동사', '주식회사', 'LG', '화학', '분할', '신설', '유가증권', '시장', '상장', '화장품', '생활', '용품', '음료', '등', '제조', '판매', '사업', '영위', '궁중', '브랜드', '후', '천연', '발효', '브랜드', '숨', '피부', '과학', '브랜드', '오', '휘', '허브', '브랜드', '빌', '리프', '경쟁력', '브랜드', '보유', '종속', '회사', '코카콜라', '음료', '주', '알콜', '음료', '제조', '판매', '사업']"
19,"['동사', '신한', '금융', '계열사', '지배', '경영', '관리', '종속', '회사', '자금지원', '등', '사업', '목적', '금융', '지주회사', '임', '사업', '부문', '은행업', '신용카드', '업', '금융', '투자', '업', '생명보험', '업', '자산운용', '업', '여신', '전문업', '저축', '은행업', '등', '신한은행', '외', '전반', '우수', '자회사', '사업', '지위', '토대', '균형', '사업', '포트폴리오', '기반', '안정', '이익', '창', '출력', '유지', '중', '오렌지', '라이프', '편입', '신한', '자산운용', '완전', '자회사', '화', '완료']"
20,"['동사', '종속', '기업', '사업', '부문', '솔루션', '솔루션', '등', '구분', '슬림', '월', '페이퍼', '롤', '러브', 'TV', '등', '지속', '혁신', '제품', '출시', '프리미엄', '시장', '지속', '선도', '디스플레이', '오디오', '내비게이션', '영역', '동사', '디스플레이', '소프트웨어', '역량', '활용', '제품 차별화', '중', 'HomeAppliance', 'A', 'ir', 'HomeE', 'ntertainment', 'MobileCommu', 'nications', 'Vehiclecomponent', 'OLEDTV']"
21,"['설립', '유가증권', '상장', '구', 'SK', '주식회사', '흡수', '합병', '사명', 'SK', 'C&C', 'SK', '주식회사', '변경', 'SK', '그룹', '지주', '사임', '사업', '별도', '재무제표', '기준', '자회사', '제반', '사업', '내용', '관리', '지주', '사업', '서비스', '등', '영위', '사업', '부문', '구분', '연결', '대상', '종속', '회사', 'SK', '이노베이션', 'SK', '텔레콤', 'SK', 'SK', 'SK', '바이오', 'SK', '등', '총', 'IT', 'SKC', 'E', 'S']"
22,"['동사', '에스케이', '케미', '칼', '주식회사', '사업', '부문', '물적', '분할', '설립', '백신', '바이오', '의약품', '연구개발', '생산', '판매', '관련', '지식', '재산권', '임대', '사업', '영위', '대상포진', '백신', '스카이', '조스', '터', '출시', '기준', '국내', '시장 점유율', '르', '확보', '생산', '판매', '네트워크', '시너지', '스카이', '셀프', '스카이', '셀프', '스카이', '조스', '터', '스카이', '바리', '셀라', '등', '상품', 'VAX', 'R', 'D']"
23,"['설립', 'LG', 'LG', '합병', '순수', '지주회사', '전환', '연결', '대상', '종속', '회사', '영위', '사업', '서비스업', 'LG CNS', '부동산', '경제', '경영', '교육', '자문', '업', 'LG', '경영', '개발원', '스포츠', 'LG', '스포츠', '부동산', '임대업', 'LG', '상사', 'LG', '하우시스', '실리콘웍스', 'LG MMA', '분할', '신설', '지주회사', '설립', 'CI', 'EI', 'IT', 'LX']"
24,"['동사', '설립', '유가증권', '시장', '상장', '지배', '회사', '한국전력공사', '영위', '사업', '전력', '자원', '개발', '발전', '송전', '변전', '배전', '관련', '영업', '연구', '기술', '개발', '투자', '출연', '보유', '부동산', '활용', '사업', '등', '연결', '대상', '종속', '회사', '영위', '사업', '원자력', '발전', '사업', '화력', '발전', '사업', '기타', '사업', '발전소', '설계', '등']"
25,"['설립', '업계', '최대', '전속', '설계사', '조직', '계', '리', '전문', '인력', '보유', '삼성', '그룹', '계열', '생명보험', '사', '사업', '영역', '보험', '대출', '퇴직', '연금', '펀드', '신탁', '부문', '압도', '브랜드', '파워', '안정', '영업', '기반', '바탕', '업계', '상위', '시장', '지위', '유지', '업계', '최대', '규모', '고객', '보유', '콜', '상담', '창구', '방', '전담', '서비스', '전문', '자회사', '운영', '연속', '유지', '등', '고객', '서비스', '경쟁력', '우위', '지속', 'NCSI']"
26,"['설립', '하나금융그룹', '지주회사', '자회사', '지배', '경영', '관리', '자금', '공여', '등', '업무', '수행', '종속', '회사', '사업', '분야', '은행', '하나은행', '등', '금융', '투자', '하나금융투자', '신용카드', '하나카드', '생명보험', '생명보험', '업', '등', '더', '케이', '손해보험', '자회사', '편입', '글로벌', '통합', '디지털', '자산', '플랫폼', '컨소시엄', '구축', '아시아', '국가', '제휴', '확대', 'GLN', 'GlobalLoyalty', 'Network']"
27,"['온라인', '모바일', '게임', '개발', '운영', 'PC 게임', '리니지', '리니지', '아이온', '블레이드', '앤', '소울', '모바일 게임', '리니지', '리니지', '블레이드', '앤', '소울', '등', '게임', '임', '리니지', '리니지', '국내', '구글 플레이', '매출', '유지', '최근', '경쟁', '작', '자리', '금융', '엔터테인먼트', '등', '사업', '분야', '다각', 'M', 'M']"
28,"['설립', '글로벌', '엔터테인먼트', '콘텐츠', '기업', '글로벌', '아티스트', '육성', '음악', '기반', '라이프', '스타일', '콘텐츠', '제작', '서비스', '쏘스뮤직', '플레디스', '엔터테인먼트', '등', '레이블', '지분', '인수', '멀티', '레이블', '체제', '구축', '소속', '아티스트', '방탄소년단', '투모로우', '바', '이', '투게더', '세븐틴', '뉴이스트', '여자친구', '등', '세븐틴', '뉴이스트', '아티스트', '포트폴리오', '추가', '멀티', '레이블', '체제', '구축함', 'MultiLabel']"
29,"['동사', '제조', '판매', '사업', '영위', '전', '기차', '배터리', '산업', '최대', '성장', '시장', '입지', '공고', '중국', '폴란드', '생산', '라인', '증설', '중임', '분리', '막', '전략', '관련', '동사', '이상', '분리', '막', '제조', '경험', '바탕', '세계', '배터리', '업체', '고객', '품질', '수요', '충족', 'LiBS', 'Lithium', 'ionBatt', 'ery', 'Separator', 'LiBS', 'EV']"
30,"['동사', '설립', '한국거래소', '주식', '상장', '공개', '법인', '임', '동사', '제공', '서비스', '비즈니스', '솔루션', '클라우드', '서비스', '구분', '동사', '삼성', '관계사', '대상', '생산', '관리', '시스템', '전사', '자원', '관리', '시스템', '등', '성공', '구축', '등', '삼성', '관계사', '서비스', '최적화', '지속', '지원', 'IT', 'ITO', 'MES', 'ERP', 'IT']"
31,"['척', '선박', '물류', '시설', '세계', '거미줄', '연결', '항로', '망', '해운', '업계', '선도', '시스템', '숙련', '해운', '전문', '인력', '바탕', '최고', '수송', '서비스', '제공', '기업', '동사', '각종', '수출입', '제품', '원유', '석탄', '철광석', '특수', '화물', '등', '국가', '전략', '물자', '수송', '국가', '경제', '대동맥', '역할', '수행', '다각', '사업', '영역', '영위', '특정', '분야', '시', '황', '변동', '안정', '수익', '창출', '수', '사업', '구조', '확보', 'IT']"
32,"['동사', '현대', '행', '설립', '중화학', '공업', '구조조정', '일환', '정부', '귀속', '한국중공업', '변경', '두산중공업', '상호', '변경', '발전', '설비', '담수', '설비', '단조', '품', '건설', '두산중공업', '건설', '중장비', '엔진', '두산인프라코어', '토목', '건축', '공사', '두산건설', '등', '사업', '영위', '중임', '프레스', '도입', '발전', '산업', '분야', '대형', '단조', '품', '시장', '공략', '가속', '계획']"
33,"['동사', '사업', '수동', '소자', '칩', '인덕터', '칩', '처항', '생산', '컴포넌트', '사업', '부문', '카메라', '모듈', '통신', '모듈', '생산', '모듈', '사업', '부문', '반도체', '패키지', '기판', '경연', '성', '인쇄', '회로', '기판', '생산', '기판', '사업', '부문', '구성', '수원', '세종', '시', '부산', '공장', '보유', '국내외', '자회사', '손', '자회사', '보유', '매출', '컴포넌트', '모듈', '기판', '구성', '삼성전자', '종속', '기업', '중국', '샤오미', '고객', '사임', 'MLCC']"
34,"['국내', '규모', '삼성', '계열', '손해보험', '사', '손해보험', '업', '과제', '핵심', '사업', '영위', '지점', '전속', '설계사', '판매', '조직', '보유', '전국', '판매망', '확보', '온라인', '자동차보험', '브랜드', '애니', '카', '다이렉', '온라인', '직파', '채널', '매출', '규모', '성장', '국내', '사업', '기반', '안정', '사업', '영위', '중국', '최대', '기업인', '텐센트', '협력', '중국', '법인', '온라인', '보험', '사업', '중심', '성장', '계획', 'IT']"
35,"['대한민국', '설립', '회사', '정유', '석유화학', '윤', '활기', '유', '등', '다각', '사업', '포트폴리오', '보유', '대', '규모', '정제', '시설', '고도', '설비', '수준', '안정', '내수', '유통망', '등', '바탕', '시장', '지위', '사업', '경쟁력', '보유', '수직', '계열', '생산', '체계', '기반', '우수', '생산', '효율', '사업', '안정', '바탕', '석유화학', '중심', '정유', '부문', '사업', '기반', '강화']"
36,"['동사', '사업', '이차', '전지', '소재', '첨단', '화학', '소재', '산업', '기초', '소재', '이차', '전지', '양극', '재', '음', '극', '재', '탄소', '소재', '원료', '제품', '내', '화물', '석회', '등', '제조', '판매', '포스코그룹', '계열', '소재', '전문', '회사', '유상증자', '규모', '투자', '재원', '확보', '이', '차', '전지', '소재', '분야', '포스코그룹', '리튬', '니켈', '등', '원료', '이차', '전지', '소재', '연구', '센터', '등', '인프라', '글로벌', '마케팅', '네트워크', '연계', '사업', '경쟁력', 'R', 'D']"
37,"['동사', '한국', '전매', '공', '사법', '의거', '현물출자', '정부', '투자', '기관', '한국', '전매', '공사', '설립', '정부', '공기업', '민영화', '경영', '혁신', '계획', '방침', '홍삼', '사업', '분리', '당사', '홍삼', '사업', '관련', '자산', '부채', '신설', '주', '한국인삼공사', '사업', '포괄', '현물', '출자', '동사', '당사', '상호', '주식회사', '한국담배인삼공사', '주식회사', '케이티', '앤', '지로', '변경']"
38,"['동사', '연결', '실체', '모바일', '게임 개발', '퍼블리싱', '사업', '영위', '넷마블', '게임 개발', '자회사', '개발', '게임', '등', '퍼블리싱', '사업', '전문', '영위', '동사', '연결', '실체', '개발', '공급', '게임', '라인업', '모두의 마블', '스톤에이지', '월드', '세븐나이츠', '몬스터', '등', '쥬', '얼', '장르', '라인업', '구글 플레이', '애플', '등', '마켓', '순위', '게임', '다수', '보유', 'MMORPG']"
39,"['동사', '아모레퍼시픽', '그룹', '태평양', '인적', '분할', '설립', '유가증권', '시장', '주식', '상장', '동사', '화장품', '제조', '판매', '생활', '용품', '제조', '판매', '식품', '녹차', '류', '건강', '기능', '식품', '포함', '제조', '가공', '판매', '사업', '영위', '동사', '기준', '화장품', '부문', '시장 점유율', '차지', '매출', '비중', '담당']"
40,"['동사', '종합', '비철금속', '제련', '회사', '설립', '기업공개', '실시', '아연', '연', '금', '은', '등', '제조', '판매', '종합', '비철금속', '제련', '회사', '비철금속', '제련', '사업', '영위', '비철금속', '산업', '철강업', '대표', '국가', '기간산업', '최근', '원자재', '산업', '지속', '발전']"
41,"['항공기', '설계', '제작', '민항기', '군용기', '정비', '위성체', '등', '연구', '개발', '수행', '항공우주', '사업', '등', '관련', '사업', '시너지', '효과', '창출', '항공우주', '사업', '본부', '국내외', '항공기', '항공기', '구조물', '설계', '제작', '생산', '정비', '성능', '개량', '등', '확보', '경험', '기술력', '바탕', '각종', '무인', '항공기', '개발', '사업', '참여', '화물', '산업', '부문', '계속', '수요', '강세', '시장', '대응', '공급', '확대', '수익', '극대', '주력']"
42,"['동사', '설립', '지주회사', '금융업', '영위', '밀접', '관련', '종속', '기업', '지배', '것', '사업', '목적', '종속', '회사', '사업', '은행업', '우리은행', '신용카드', '업', '우리카드', '종합', '금융업', '우리종합금융', '등', '우리', '자산운용', '자산운용', '우리', '글로벌', '편입', '자산운용', '업', '추가', '아주캐피탈', '지분', '취득', '자회사', '금융', '피탈', '금융', '저축', '은행', '편입', 'ABL']"
43,"['중소기업자', '효율', '신용', '제도', '확립', '자주', '경제', '활동', '지원', '것', '주목적', '설립', '중소기업', '대출', '특화', '전문', '은행', '축적', '중기', '금융', '노하우', '신용', '평가', '시스템', '바탕', '우량', '기업', '발굴', '지원', '체계', '리스크', '관리', '중', '동사', '연결', '대상', '종속', '기업', '자산', '운용', 'IBK투자증권', '피탈', '등', '규모', '유상증자', '실시', 'IBK', 'IBK']"
44,"['동사', '정보통신', '사업', '영위', '목적', '설립', '유가증권', '시장', '상장', '무선', '통신', '초고', '속', '인터넷', '등', '핵심', '사업', '지속', '성장', 'DX', '등', '성장', '사업', '성과', '창출', '디지털', '플랫폼', '기업', '변화', '매출', '금융', '위성방송', '기타 구', 'IPTV', 'IDC', 'Cloud', 'AI', 'B', 'Digico', 'ICT']"
45,"['동사', '설립', '한국', '화성', '공업', '전신', '한화케미칼', '한화', '큐', '셀', '앤드', '첨단', '소재', '통합', '사명', '변경', '케미', '칼', '부문', '석유화학', '산업', '기반', '제품', '생산', '큐', '셀', '부문', '글로벌', '그린', '에너지', '토털', '솔루션', '첨단', '소재', '부문', '경량', '복합', '소재', '태양광', '소재', '전자', '소재', '생산', '구성', '경영', '효율', '제고', '사업', '경쟁력', '강화', '한화', '갤러리아', '유통', '서비스', '한화', '도시', '개발', '부동산', '개발', '사업', '흡수', '합병']"
46,"['동사', '석유화학', '제품', '제조', '판매업', '영위', '목적', '설립', '여수', '대산', '울산', '석유화학', '단지', '공장', '올레', '핀', '계열', '방향', '족', '계열', '석유화학', '제품군', '연구', '개발', '제조', '판매', '각국', '판매', '법인', '해외', '지사', '설립', '세계', '국가', '제품', '수출', '롯데', '첨단', '소재', '흡수', '합병', '울산', 'IPA', '증설', '합작', '신규', '사업', '등', '공장', '증설', '투자', '진행', '중임', 'HDO']"
47,"['동사', '자동차', '부품', '시스템', '전자', '전기', '기계', '기구', '기타', '산업', '부품', '시스템', '제조', '수출입', '교역', '등', '목적', '설립', '유가증권', '시장', '상장', '동사', '자동차', '관리', '시스템', '생산', '단일', '사업', '부문', '영위', '자동차', '품질', '성능', '공조', '부품', '분야', '독보', '기술력', '자랑', '업계']"
48,"['동사', '동사', '자회사', '신약', '개발', '판매', '사업', '영위', '세노바', '메이트', '솔리암', '페톨', '성공', '신약', '개발', '경험', '바탕', '지속', '뇌', '질환', '수면', '질환', '관련', '신규', '물질', '발굴', '진행', '중', '질환', '약물', '개발', '뿐', '항암', '분야', '유효', '물질', '발굴', '개발', '연구', '매진', '당', '기말', 'SK', '중국', '현지', '법인', '등', '연결', '대상', '종속', '법인', '보유', 'CNS', 'LifeScience']"
49,"['지주회사', '회사', '지배', '동시', '미래', '기술', '사업', '등', '영위', '종속', '회사', '현대', '중공업', '현대', '삼호', '중공업', '현대', '미', '포', '조선', '등', '현대', '미', '포', '조선', '현대', '삼호', '중공업', '등', '종속', '기업', '포함', '조선', '부문', '선도', '지위', '유지', '매출', '조선', '엔진', '기계', '해양', '플랜트', '등', 'Hyundai', 'Vin', 'ashinShipy', 'ard']"
50,"['동사', '설립', '소재', '전문', '기업', '모빌리티', '반도체', '친환경', '분야', '고', '부가가치', '소재', '생산', '음', '극', '집', '전체', '사용', '박', '등', '생산', '모빌리티', '소재', '사업', '반도체', '공정', '소재', '생산', '반도체', '소재', '사업', '영위', 'PET', '필름', '생산', '소재', '사업', '폴리우레탄', '원료', '등', '생산', '화학', '사업', '영위', '연결', '대상', '종속', '회사', 'SK', '리스', 'SK', '피아', '이씨', '글로벌', '등', 'Industry', 'PO']"
51,"['동사', 'LG', '그룹', '계열사', '무선', '스마트', '홈', '기업', '서비스', '시장', '통신', '사업', '영위', '엘지', '헬리', '보지', '아이', '인텔', '레', '서비스', '미디어', '로그', '등', '연결', '대상', '종속', '회사', '보유', '별', '기준', '서비스', '수익', '중', '무선', '서비스', '비중', '스마트', '홈', '기업', '인프라', '전화', '서비스', '수익', '말', '기준', '시장 점유율', '무선', '서비스', '초고', '속', '인터넷', '등', 'IPTV']"
52,"['동사', '설립', '유가증권', '시장', '상장', '동사', '종합', '물류업', '유통', '판매업', '해운', '업', '영위', '현대', '자동차', '그룹', '속', '회사', '기준', '매출액', '대비', '매출', '비중', '종합', '물류업', '유통', '판매업', '해운', '업', '국내', '물류', '기업', '최초', '다우존스', '지속', '가능', '경영', '지수', '편입', '이후', '연속', '지위', '유지', '중']"
53,"['동사', '등', '기술', '활용', '관련', '제품', '생산', '판매', '사업', '영위', '단일', '사업', '부문', '구성', '대부분', '제품', '해외', '판매', '플렉서블', '스마트폰', '원형', '패널', '등', '출시', '파주', '구미', '공장', '연구소', '보유', '미주', '유럽', '아시아', '해외', '현지', '법인', 'TFT', 'LCD', 'OLED', 'Display', 'Display', 'OLED', 'Wearable', 'OLED', 'TFT', 'LCD', 'OLED']"
54,"['국내', '유일', '내국인', '출입', '카지노', '품격', '호텔', '컨벤션', '센터', '콘도', '스키장', '골프장', '등', '리조트', '사업', '지속', '성장', '도모', '하이', '원', '워터월드', '개장', '봄', '야생화', '카트', '투어', '여름', '워터월드', '하늘', '길', '트레킹', '겨울', '스키장', '등', '사계절', '거리', '한국', '관광', '공사', '선정', '비대', '관광지', '하늘', '길', '트레킹', '등', '운영']"
55,"['창립', '혁신', '레', '비즈니스', '개념', '업계', '최초', '도입', '정수기', '공기', '청정기', '비데', '등', '환경', '가전', '제품', '생산', '판매', '환경', '가전', '전문', '기업', '정수', '공기', '청정기', '비데', '연수기', '매트리스', '의류', '청정기', '전기레인지', '등', '레', '제품', '지속', '확대', '말레이시아', '미국', '중국', '태국', '인도네시아', '베트남', '동종', '업종', '영위', '해외', '법인', 'Line', 'up']"
56,"['기업', '분할', '식품', '생명', '공학', '집중', '사업', '회사', '출발', '국내', '식품', '회사', '위치', '급', '소비자', '트렌드', '프리미엄', '화', '전략', '적극', '추진', '맛', '품질', '브랜드', '파워', '노력', '중임', '육상', '해상', '등', '분야', '전국 네트워크', '구축', '운송', '합리', '추진', '물류', '품질', '질', '향상', '서비스', '극대', '중점', 'CJ']"
57,"['지배', '회사', '연결', '종속', '회사', '당', '분기', '말', '철강', '영업', '부문', '판', '재', '봉형강', '중', '기계', '등', '기타', '영업', '부문', '제품', '부산물', '등', '영위', '고로', '부문', '현대', '자동차', '그룹', '공동', '연구개발', '진행', '한편', '현대', '하', '이스코', '냉연', '사업', '부문', '분할', '합병', '자동차', '강판', '특화', '전문', '기업', '변모', '매출', '판', '봉형강', '강관', '등']"
58,"['동사', '토목', '건축', '공사', '사업', '목적', '유가증권', '시장', '주식', '상장', '현대', '엔지니어링', '등', '종속', '회사', '지배', '회사', '연결', '대상', '종속', '회사', '포함', '회사', '영위', '사업', '부문', '토목', '부문', '건축', '주택', '부문', '플랜트', '부문', '기타', '부문', '우리나라', '원전', '대부분', '시공', '원전', '시공', '기술', '자립', '달성', '국내', '최초', '원전', '수주', '최고', '원전', '시공', '기술', 'UAE']"
59,"['금융', '투자', '업', '영위', '상품', '제조', '트레이딩', '역량', '등', '부분', '경쟁력', '증권사', '미래에셋증권', '최대주주', '변경', '미래에셋증권', '사명', '변경', '동사', '네이버', '파이낸셜', '주식회사', '지분', '취득', '등', '네이버', '디지털', '금융', '비지니스', '공동', '추진', '보통주', '주식', '소각', '주식', '소각']"
60,"['동사', '설립', '한국거래소', '유가증권', '시장', '상장', '합성', '고무', '합성수지', '정밀화학', '전자', '소재', '건', '자재', '에너지', '페놀', '유도체', '항만', '운영', '등', '사업', '영위', '합성', '고무', '산업', '천연', '고무', '성상', '합성', '무상', '물질', '무상', '탄성체', '수', '소성', '물질', '합성', '고무', '이용', '타이어', '신발', '등', '주', '원료', '생산', '사업']"
61,"['동사', '타이어', '제조', '판매', '등', '타이어', '부문', '타이어', '제외', '일반', '기계', '금형', '제조', '판매', '기타', '사업', '부문', '구성', '기업', '동사', '시장', '점유', '국내', '파악', '점유', '점', '시장', '형성', '본사', '거점', '한국', '미주', '구주', '중국', '지역', '본부', '타이어', '생산', '공장', 'Global', 'Tire']"
62,"['동사', '세계', '플랜트', '시장', '사업', '전개', '글로벌', '설계', '구매', '시공', '전문', '기업', '설립', '유가증권', '시장', '상장', '산업', '환경', '그룹', '물량', '지속', '발주', '해외', '수', '처리', '바이오', '시장', '성장', '확대', '전망', '동남아', '등', '저개발', '국가', '중심', '기초', '산업', '플랜트', '위주', '발주', '예상', '수요', '확대', 'EPC']"
63,"['인적', '분할', '설립', '음식료품', '제조', '가공', '판매', '사업', '사업', '영위', '국내', '시장', '초코파이', '위시', '파이', '제품', '포', '카', '칩', '오징어', '땅콩', '등', '안정', '실적', '바탕', '신제품', '출시', '성공', '시장', '지배력', '해외', '시장', '중국', '시장', '중심', '성장', '소매점', '판매', '강화', '지역', '채널', '망', '확장']"
64,"['동사', '별도', '사업', '영위', '순수', '지주회사', '성격', '신속', '전문', '의사', '결정', '체제', '확립', '선박', '엔진', '사업', '정유', '사업', '건설기계', '제조', '사업', '전기', '전자', '기기', '제조', '사업', '산업용 로봇', '제조업', '등', '영위', '자회사', '주식', '소유', '회사', '지배', '것', '목적', '지배', '자회사', '배당금', '수입원', 'A', 'S']"
65,"['설립', '금융', '투자', '자산운용', '저축', '은행', '벤처', '투자', '여신', '전문업', '헤지펀드', '운용', '등', '금융업', '전반', '영역', '상품', '서비스', '제공', '동사', '한국', '투자', '증권', '한국', '투자', '저축', '은행', '한국', '투자', '피탈', '한국', '투자', '부동산', '등', '투자', '금융', '계열사', '자회사', '동사', '자회사', '한국', '카카오', '은행', '지분', '일부', '카카오', '매각', '은행', '금융', '지주회사', '전환', 'PEF']"
66,"['동사', '스마트폰', '텔레비젼', '등', '전자제품', '리튬', '이온', '음', '극', '집', '전체', '사용', '일렉포일', '제조', '판매', '목적', '설립', '동사', '판매', '중', '리튬', '음', '극', '집', '전체', '사용', '전북', '익산', '말레이시아', '위치', '공장', '제품', '생산', '삼성', 'LG', '화학', '고객', '사', '보유', '매출', '일렉포일', '기타 구', 'IT', 'I', 'Elecfoil', 'SDI']"
67,"['한국', '자동차보험', '공', '영사', '출발', '손해보험', '사', '공동', '출자', '한국', '자동차보험', '출범', '동부그룹', '경영', '인수', '손해보험', '사명', '변경', '업무', '효율', '전문', '제고', '자동차보험', '손해', '사정', '손해', '사정', '등', '자회사', '출범', '글로벌', '우량', '보험사', '발돋움', '미국', '해외', '거점', '시장', '집중', '공략', '중국', '인도네시아', '미얀마', '등지', '사무소', '개설', 'DB', 'DB', 'DBCAS', 'DBMnS']"
68,"['동사', '글로벌', '소재', '부품', '기업', '광학', '솔루션', '기판', '소재', '전장', '부품', '기타', '부문', '사업', '영위', '광학', '솔루션', '부문', '카메라', '모듈', '기판', '소재', '부문', '반도체', '기판', '전장', '부품', '부문', '모터', '센서', '차량', '통신', '등', '판매', '기타', '부문', '전자', '부품', '제품', '동사', '스마트폰', '카메라', '모듈', '디스플레이', '서브', '스트레이트', '포토', '마스크', '통신', '반도체', '기판', '세계', '시장', '리딩', 'Photomask', 'TapeS', 'ubstrate']"
69,"['주', '신세계', '인적', '분할', '설립', '연결', '대상', '종속', '기업', '주', '신세계조선호텔', '주', '신세계', '푸드', '주', '이마트 에브리데이', '주', '스타', '필드', '고양', '등', '보유', '반기', '기준', '신세계', '속', '계열', '회사', '보고서', '작성', '기준', '신세계그룹', '속', '계열', '회사', '상반기', '대형', '마트', '매출액', '증가', '채널', '간', '경쟁', '심화', '언', '택', '소비', '확산', '등', '영향', '국내외', '시장', '환경', '것', '예상']"
70,"['동사', '설립', '의약품', '화학', '약품', '공업', '약품', '수', '의약품', '생활', '용품', '등', '제조', '매매', '사업', '목적', '의약품', '사업', '부문', '품목', '아', '토르', '바', '로', '수', '등', '이외', '에이즈', '치료제', '형', '간염', '치료제', '항생제', '등', '수출', '사업', '생활', '용품', '사업', '부문', '품목', '유한', '락스', '칫솔', '치약', '유한', '젠', '주방', '세탁', '세제', '등', '생활', '용품', '제조', '판매', 'C']"
71,"['자회사', '설립', '동사', '차별', '부유', '고객', '기반', '업계', '최고', '자산', '관리', '역량', '인프라', '바탕', '고객', '니즈', '맞춤', '상품', '서비스', '선제', '제공', '홀', '세일', '부문', '사업', '역량', '강화', '수익원', '다변', '전사', '균형', '사업', '포트폴리오', '구축', '당', '반기', '말', '기준', '본점', '외국', '지점', '국내', '영업', '소', '해외', '사무소', '삼성', '선물', '해외', '법인', '등', '종속', '기업', 'IB']"
72,"['지주회사', '동사', '연결', '대상', '법인', '아모레퍼시픽', '화장품', '판매', '사업', '영위', '이니스프리', '에', '등', '프리미엄', '시장', '마몽드', '플라워', '스토리', '체험', '수', '플래그', '스토어', '오픈', '고객', '차별', '브랜드', '경험', '제공', '생활', '용품', '부문', '오랄', '카', '테', '고리', '자연주의', '탈', '브랜드', '레시', '출시', '고객', '저변', '확대']"
73,"['동사', 'LG', '인적', '분할', '설립', '지주회사', '자회사', '에너지', '리테일', '스포츠', '글로벌', '앤', '알', '사업', '부문', '유통', '무역', '가스', '전력', '사업', '투자', '기타', '호텔업', '프로', '축구', '등', '구분', '자회사', '리테일', '수퍼마켓', '등', '유통', '사업', '영위', '파', '르', '나스', '호텔', '지분', '취득', '관광호텔', '업', '영위', 'GS', 'GS', 'GS', 'GS', 'GS', 'GS', 'GS', 'GS', 'GS']"
74,"['동사', '설립', '이후', '여신', '전문', '금융업', '영위', '주력', '사업', '카드', '사업', '부문', '할부', '리스', '사업', '부문', '기타', '부문', '구성', '동사', '마케팅', '영업', '기획', '조직', '지역', '거점', '토대', '카드', '상품', '개발', '회원', '유치', '회원', '가맹점', '연계', '마케팅', '등', '영업', '활동', '수행', '동사', '신용카드', '개인', '법인', '회원', '가맹점', '기반', '차별', '마케팅', '창의', '상품', '서비스', '출시']"
75,"['천연가스', '도입', '판매', '기업', '해외', '천연가스', '생산지', '도입', '국내', '발전', '사', '도시가스', '사', '전국', '배관', '망', '탱크로리', '등', '공급', '쿠웨이트', '주', '르', '터미널', '보수', '매뉴얼', '작성', '사업', '시', '운전', '용역', '사업', '모잠비크', '공급', '사업', '참여', '등', '해외', '사업', '진출', '추진', '중', '대한', '해운', '해외', '합작', '법인', '설립', '해외', '벙커', '링', '사업', '수행', '예정', 'LNG', 'LNG', 'LNG']"
76,"['동사', '지주회사', '전환', '승인', '국내', '회사', '사업', '내용', '지배', '것', '사업', '회사', '헬스', '분야', '연구', '역량', '강화', '가치', '창출', '사회', '지주회사', '생물학', '의약품', '등', '제조', '수출', '판매업', '등', '사업', '영위', '동사', '한미약품', '온라인', '에르', '루스', '일본', '한미약품', '미', '유한', '공사', '자회사', 'Hanm', 'iEuropeLtd']"
77,"['동사', '설립', '유가증권', '시장', '상장', '동사', '사업', '내용', '라텍스', '과산화수소', '차', '아황산', '소다', '전자', '재료', '기타', '공', '약품', '등', '판매', '정밀화학', '산업', '각종', '첨가제', '제지', '약품', '수', '처리', '염료', '도료', '안료', '반도체', '약품', '계면활성제', '접착제', '화장품', '의약품', '등', '생산', '공업', '포괄', '화학', '산업', '가공', '산업', '특징', 'PAM', 'Precursor']"
78,"['동사', '설립', '시멘트', '사업', '석회', '석', '사업', '해운', '사업', '환경', '자원', '사업', '임대', '사업', '영위', '회사', '상장', '동사', '종속', '회사', '시멘트', '사업', '부문', '환경', '자원', '사업', '부문', '석회', '석', '사업', '부문', '해운', '사업', '부문', '레미콘', '사업', '부문', '골재', '사업', '부문', '임대', '사업', '부문', '등', '사업', '부문', '구분', '연안', '동해', '공장', '내륙', '영월', '공장', '동시', '보유', '전국', '시장', '유지', '지역', '수급', '상황', '탄력', '대응']"
79,"['설립', '동사', '자산', '규모', '이상', '법인', '규모', '법인', '해당', '연결', '실체', '기준', '건설기계', '생산', '판매', '영위', '제품', '혁신', '신흥', '시장', '진출', '등', '건설기계', '시장', '경쟁력', '건설기계', '주택', '건설', '농업', '조경', '시장', '타겟', '건설기계', '제품', '경기', '상대', 'R', 'D', 'PortablePower', 'Global', 'Compac', 't', 'Heavy']"
80,"['동사', '분할', '기준일', '대한항공', '인적', '분할', '방식', '설립', '유가증권', '시장', '주권', '상장', '글로벌', '항공', '화물', '시장', '항공', '화물', '수요', '대비', '공급', '부족', '상황', '지속', '동사', '수요', '강세', '시장', '대응', '공급', '확대', '수익', '극대', '주력함', '동사', '국내', '백신', '물량', '화이자', '시작', '백신', '수요', '국제', '표준', '안정', '수송']"
81,"['동사', '사업', '부문', '선박', '해양', '플랫폼', '등', '판매업', '영위', '조선', '해양', '부문', '건축', '토목', '공사', '영위', '사업', '부문', '구분', '코로나', '영향', '선종', '발주', '약세', '수주', '잔', '량', '전년', '대비', '감소', '흐름', '매출', '조선', '해양', '선', '대형', '컨테이너선', '등', '부문', '절대', '비중', '차지', '토목', '건축', '부문', '차지', 'E', 'I', 'LNH', 'FLNG']"
82,"['투자', '증권', 'NH농협증권', '합병', '탄생', '증권사', '투자', '매매', '투자', '중개', '집합', '투자', '신탁', '등', '사업', '영위', '부문', '경쟁력', '보유', '자산', '관리', '브로커', '리지', '등', '사업', '영역', '상위', '실적', '시현', '금융', '지주', '계열사', '시너지', '활용', '수', '강점', '보유', '당', '반기', '말', '본점', '포함', '국내', '지점', '국내', '영업', '소', '해외', '사무소', '운영', 'IB']"
83,"['설립', '인프라', '건축', '주택', '신축', '판매', '플랜트', '전력', '해외', '종합', '건설업', '등', '사업', '연결', '대상', '종속', '회사', '포함', '회사', '영위', '사업', '건설업', '부가', '통신업', '건설', '용역', '업', '서비스업', '임대업', '등', '국내', '건설', '시장', '성장', '한계', '극복', '도약', '제조업', '등', '건설', '사업', '성장', '동력', '발굴', 'SustainableGlobal', 'Company']"
84,"['설립', '한국거래소', '유가증권', '시장', '주식', '상장', '부문', '국내외', '면세', '사업장', '운영', '국내', '사업', '위상', '제고', '해외', '사업장', '안정', '운영', '세계', '면세점', '사업자', '등극', '호텔', '레저', '부문', '직영', '임차', '위탁', '운영', '방식', '호텔', '여행', '레포츠', '등', '레저', '사업', '프리미엄', '라이프', '스타일', '제공', '선도', '기업', '성장', 'TR', 'CFC']"
85,"['동사', '식품', '제조', '가공', '판매', '수입', '판매업', '등', '영위', '목적', '설립', '회사', '분할', '인해', '이름', '롯데', '칠성', '음료', '주', '롯데', '푸드', '주', '롯데', '쇼핑', '주', '등', '국내', '계열', '회사', '보유', '동사', '영업', '수익', '자회사', '기타', '투자', '회사', '배당', '수익', '상표', '사용', '수익', '임대', '수익', '등', '구성', '글로벌', '우량', '유통', '기업', '도약', '목표', '국내', '해외', '시장', '진출', '전개']"
86,"['전력', '통신', '전선', '케이블', '판매', '목적', '금성', '전공', '주', '사명', '설립', '차례', '상호', '변경', 'GS리테일', '상호', '속', '계열', '회사', '반기', '말', '국내', '계열', '회사', '존재', '상', '장사', '당사', '포함', '네트웍', '씨', '브이', '에스넷', '주', '합병', '물류', '센터', '운영', '체계', '고도', '수익', '모델', '다각', '등', '성장', '기대', 'GS']"
87,"['설립', '사업', '부문', '택배', '사업', '부문', '글로벌', '사업', '부문', '건설', '사업', '부문', '사업', '부문', '영위', '최근', '급성장', '시장', '대응', '독자', '융합', '대한통운', '풀', '필', '서비스', '개시', '매출', '구성은', '글로벌', '사업', '부문', '택배', '사업', '부문', '사업', '부문', '건설', '사업', '부문', '루', 'CL', 'CJ', 'e', 'CL']"
88,"['설립', '투자', '매매', '업', '투자', '중개업', '투자', '자문', '업', '투자', '임업', '집합', '투자', '업', '신탁업', '기업', '신용', '공여', '등', '업무', '영위', '메', '리츠', '금융', '그룹', '종합', '금융', '투자', '회사', '당', '기말', '지점', '포함', '운영', '종속', '회사', '메', '리츠', '피탈', '종합', '금융업', '종료', '사명', '메', '리츠', '증권', '주식회사', '변경', '규모', '유상증자', '실시']"
89,"['동사', '핵심', '사업', '발전', '연료전지', '사업', '발전', '연료전지', '기자재', '공급', '연료전지', '발전소', '장기', '유지', '보수', '서비스', '제공', '사업', '영위', '매출', '비중', '최근', '사업', '연도', '기준', '기자재', '공급', '장기', '유지', '보수', '서비스', '구성', '고객', '공공', '민간', '발전', '사업자', '임', '미래', '성장', '익산', '공장', '생산', '시설', '증설', '착수', '차세대', '시스템', '개발', '생산', '설비', '구축', '진행', 'PAFC', 'SOFC']"
90,"['의약품', '제조', '판매', '사업', '목적', '제품', '고혈압', '치료제', '아', '모', '디', '핀', '복합', '고혈압', '치료제', '아', '모자', '등', '원료', '의약품', '제조', '판매업', '영위', '미', '정밀화학', '의약품', '제조', '판매업', '영위', '업체', '북경', '한미약품', '유한', '공사', '자회사', '보유', '호', '중구', '감소', '증', '치료제', '롤로', '티스', '얀센', '기술이전', '한', '비만', '치료제', '치료제', '임상', '파이프라인', '경쟁력', '확보', 'HMNASH', 'HM']"
91,"['동사', '해운', '업', '곡물', '사업', '운항', '지원', '해운', '시장', '정보', '제공', '화물', '처리', '등', '해운', '업', '사업', '부문', '선박', '관리', '업', '수행', '기타', '사업', '부문', '영위', '벌', '물', '운송', '사업', '경험', '바탕', '세계', '화주', '신뢰', '구축', '등', '경쟁력', '선박', '운항', '화물', '운송', '서비스', '제공', '주', '매출처', '포스코', '한국중부발전', '한국남부발전', '한국남동발전', '현대', '제철', '등', 'Claim', 'VALE', 'SUZANOPAPELECELULOSE']"
92,"['동사', '특수', '화학제품', '생산', '업체', '설립', '상호', '동양', '제철', '화학', '변경', '동사', '사업', '부문', '베이직', '케미컬', '사업', '부문', '카본', '케미컬', '사업', '부문', '에너지', '솔루션', '사업', '부문', '기타', '사업', '부문', '바이오', '사업', '본부', '신설', '자체', '투자', '합작사', '신약', '개발', '원료', '물질', '확보', '라이선스', '인', '파이프라인', '개발', '등', '신규', '수익원', '발굴', '노력', '중임', 'OCI', 'M', 'A']"
93,"['동사', '주식회사', '효성', '영위', '사업', '중', '산업', '자재', '사업', '부문', '인적', '분할', '신설', '동사', '제품', '세계', '시장', '폴리에스터', '타이어', '코드', '원사', '원단', '자동차', '카페', '사업', '자동차', '시장', '성장', '동반', '성장', '예상', '동사', '타이어', '보강', '재', '각종', '산업', '원사', '상업', '자동차', '카페', '등', '종합', '제조', '수', '생산', '규모', '기술력', 'Seatbelt', 'Airbag']"
94,"['동사', '한국', '경비실', '업', '주식회사', '설립', '한국증권거래소', '주식', '상장', '동사', '종합', '안심', '솔루션', '회사', '보안', '시스템', '서비스', '건물', '관리', '서비스', '콜', '센터', '서비스', '텔', '레', '마케팅', '사업부', '구분', '연구개발', '전담', '부서', '센서', '컨트롤러', '지능', '영상', '감시', '시스템', '등', '자체', '개발', '중임', '레이더', '기반', '침입', '감지', '기술', '등', '보안', '분야', '첨단', '기술', '보유', 'UWB']"
95,"['동사', '혈액', '제제', '백신', '제제', '전문', '의약품', '제제', '등', '의약품', '제조', '판매', '약사', '설립', '유가증권', '시장', '상장', '동사', '사업', '품목', '혈액', '제제', '백신', '제제', '전문', '의약품', '일반의약품', '등', '종합', '구성', '거래처', '종합병원', '의원', '시약', '도매상', '약국', '적십자', '등', '동사', '핵심', '사업', '혈액', '제제', '백신', '제제', '유전자 재조합', '제제', '대형', '수출', '품목', '육성', '신규', '시장', '개척', '목표', 'OTC']"
96,"['동사', '군사', '장비', '제조', '판매', '방산', '부문', '아웃소싱', '등', '서비스', '판매', '부문', '사업', '영위', '핵심', '사업', '군', '위성', '통신', '체계', '전술', '정보통신', '체계', '대대', '급', '전투', '지휘', '체계', '개인', '전투', '체계', '한국', '형', '전투기', '사업', '참여', '대내외', '기업', '고객', '중단', '운영', '지원', '서버', '자원', '사이', '이징', '설치', '유지', '보수', '업그레이드', '패치', '백업', '복구', '지원', 'IT', 'ICT', 'TICN', 'B', 'KF', 'X', 'IT', 'H', 'W', 'S', 'W']"
97,"['동사', '국내', '최대', '건축', '자재', '산업', '영위', '목적', '금', '강스', '레트', '공업', '주식회사', '설립', '이후', '케이씨씨', '상호', '변경', '수익', '창출', '용역', '성격', '영업', '부문', '건', '자재', '도료', '실리콘', '기타', '부문', '구분', '건', '자재', '부문', '석고보드', '등', '도료', '부문', '박용', '자동차', '도료', '구분', '동사', '건축', '자재', '내장재', '보온', '단열재', '대부분', '품목', '동종', '업계', '선두', '위치', '확보', 'PVC']"
98,"['동사', '설립', '코스닥', '시장', '상장', '바', '이후', '상장폐지', '한', '후', '유가증권', '시장', '신규', '상장', '식품', '사업', '포장', '사업', '다', '류', '사업', '수출', '입', '구매', '대행업', '등', '사업', '영위', '원료', '재배', '생산', '출하', '정밀', '분석', '기기', '도입', '운영', '유해', '물질', '제품', '혼', '입', '원천', '예방', '관리']"
99,"['동사', '의약품', '제조', '목적', '설립', '유가증권', '시장', '상장', '동사', '목적', '사업', '완', '의약품', '원료', '의약품', '등', '제조', '판매', '동사', '경쟁력', '강화', '미래', '성장', '동력', '확보', '중장기', '글로벌', '신약', '개발', '연구', '과제', '수행', '자원', '확보', '단기', '개량', '신약', '퍼스트', '릭', '출시', '목표']"
100,"['동사', '종속', '회사', '항공기', '우주선', '위성체', '발사체', '부품', '설계', '제조', '판매', '정비', '등', '사업', '영위', '군', '수', '사업', '대부분', '내수', '구성', '수요자', '한국', '정부', '방위', '사업', '청', '계약', '제품', '군용기', '연구개발', '생산', '성능', '개량', '후속', '지원', '등', '수행', '항공', '산업', '군용기', '민항기', '헬기', '등', '항공기', '개발', '개발', '항공기', '양산', '항공기', '제조', '산업', '운영', '항공기', '정비', '개조', '담당', '산업', '구분', 'MRO']"
101,"['국내', '최초', '생명보험', '회사', '설립', '업', '력', '바탕', '브랜드', '인지도', '보유', '생명보험', '한화', '생명', '사명', '변경', '가치', '중심', '영업', '추진', '보장', '상품', '판매', '확대', '상품', '판매', '속성', '개선', '상품', '수익', '제고', '집중', '국내', '생명보험', '시장', '시장', '점유', '보유', '설계사', '조직', '중심', '보험', '영업', '구조', '인해', '영업', '기반', '안정', '우수']"
102,"['인적', '분할', '설립', '신설', '법인', '유가증권', '시장', '상장', '거래', '개시', '동사', '편의점', '체인', '사업', '영위', '당사', '종속', '회사', '물류', '사업', '식품', '제조', '유통', '등', '당사', '업무', '보조', '업무', '수행', '브랜드', '독립', '차별', '한국', '형', '편의점', '모델', '개발', '가맹점', '수익', '운영', '편리', '향상', '점포', '개발', '경쟁력']"
103,"['동사', '부산은행', '투자', '증권', '신용정보', '피탈', '공동', '주식', '포괄', '이전', '방식', '설립', '지방은행', '최초', '금융', '지주회사', '임', '경남은행', '계열사', '편입', '부산', '경남은행', '은행', '체제', '자산운용', '자산운용', '사', '명', '변경', '자회사', '편입', '은행', '증권', '자산운용', '여신', '전문', '저축', '은행업', '등', '포괄', '종합', '금융', '그룹', '벤처', '투자', '자회사', '편입', 'BNK', 'BNK', 'BNK', 'GS', 'BNK', 'BNK']"
104,"['동사', '한라홀딩스', '자동차', '부품', '제조', '판매업', '부문', '인적', '분할', '설립', '한국거래소', '유가증권', '시장', '주식', '상장', '동사', '자동차', '제동', '장치', '조향', '장치', '현가장치', '등', '생산', '자동차', '샤시', '부품', '문제', '조회', '사임', '매출처', '현대', '자동차', '기아', '자동차', '현대', '현대', '위', '아이', '매출액', '기준', '차지', '북미', '거점', '비중', '차지', 'OEM']"
105,"['지배', '회사', '동사', '백화점', '경영', '목적', '설립', '종속', '회사', '사업', '부문', '경영', '다각', '실태', '반영', '수', '백화점', '사업', '부문', '할인점', '사업', '부문', '전자제품', '전문점', '사업', '부문', '슈퍼', '사업', '부문', '홈쇼핑', '사업', '부문', '기타', '사업', '부문', '세분', '반기', '기준', '백화점', '부문', '할인점', '부문', '전자제품', '전문점', '부문', '차지']"
106,"['설립', '풍력', '발전', '설비', '제조', '관련', '기술', '개발', '강', '구조물', '제작', '설치', '풍력', '발전', '관련', '컨설팅', '지원', '서비스', '사업', '영위', '최근', '해상', '풍력', '주력', '시장', '경쟁력', '강화', '해상', '풍력', '타워', '하부', '구조물', '사업', '진출', '준비', '중임', '동사', '미국', '유럽', '호주', '시장', '폭발', '풍력', '타워', '수요', '대응', '설비', '투자', '인력', '채용', '생산', '능력', '증가']"
107,"['설립', '투자', '사업', '부문', '제조', '사업', '부문', '인적', '분할', '지주회사', '전환', '현재', '제일제당', 'CJ E&M', '등', '자회사', '지분', '보유', '계열사', '국내', '기준', '생활', '문화', '그룹', '지주회사', '동사', '식품', '식품', '서비스', '생명', '공학', '물류', '신', '유통', '엔터테인먼트', '미', '디어', '등', '주력', '사업', '군', '시너지', '인프라', '분야', '업무', '역량', '뒷받침', 'CJ', 'CJ']"
108,"['온라인', '주식', '위탁', '영업', '특화', '증권사', '시작', '투자', '자산운용', '저축', '은행', '피탈', '등', '종속', '회사', '동사', '우수', '시스템', '가격', '경쟁력', '기반', '브로커', '리지', '부문', '이후', '연속', '주식', '시장 점유율', '업계', '기록', '리테일', '부분', '강점', '바탕', '부문', '강화', '안정', '수익', '추구', '대형', '홀', '세일', '하우스', '구축', '추진', '등', '비즈니스', '포트폴리오', '다각', 'IB', 'PI']"
109,"['동사', '광고업', '등', '영위', '목적', '설립', '한국거래소', '상장', '광고', '주의', '니즈', '등', '최적', '마케팅', '솔루션', '제공', '글로벌', '톱', '수준', '통합', '마케팅', '솔루션', '광고', '회사', '경쟁', '경쟁', '우위', '확보', '전략', '구사', 'Strategy', 'Creative', 'Media', 'Digital', 'Experiential']"
110,"['대우', '무역', '부문', '인적', '분할', '설립', '포스코', '한국자산관리공사', '등', '지분', '취득', '최대주주', '포스코', '의', '철강', '등', '사업', '부문', '흡수', '합병', '철강', '가공', '사업', '물적', '분할', '수출입', '업', '중개업', '자원', '개발', '등', '사업', '영위', '철강', '비철금속', '화학제품', '자동차', '부품', '기계', '선박', '플랜트', '전기', '전자', '곡물', '원유', '등', '품목', 'P', 'S']"
111,"['동사', '도로', '철도', '등', '사회', '기반', '시설', '건설', '토목', '사업', '아파트', '등', '건설', '주택', '건축', '사업', '석유화학', '시설', '발전소', '건설', '플랜트', '사업', '영위', '세계', '최대', '수심', '최장', '국내', '최초', '침', '매', '터널', '공사', '거가대로', '국내', '최장', '터널', '인제터널', '성공리', '관통', '등', '첨단', '기술력', '입증', '시장', '선도', '부가가치', '창출', '안정', '수익', '발생', '공종', '추가', '발굴', '사업다각화', '미래', '먹거리', '확보', '노력', '중']"
112,"['설립', '한국거래소', '유가증권', '시장', '상장', '주', '사업', '부엌', '가구', '제조', '유통', '인테리어', '가구', '등', '유통업', '토탈', '홈', '인테리어', '패키지', '제공', '리', '모델링', '사업', '아이템', '사업', '영위', '부산', '광', '복점', '울산', '점', '신규', '오픈', '사업', '유통망', '확장', '등', '최근', '영업', '확대', '노력', '욕실', '창', '호', '마루', '등', '건재', '아이템', '확대', '사업', '영역', '확장']"
113,"['효성', '인적', '분할', '설립', '유가증권', '시장', '상장', '섬유', '무역', '사업', '영위', '섬유', '사업', '부문', '부가가치', '고기', '능성', '섬유', '소재', '스판덱스', '이론', '원사', '등', '생산', '사업', '부문', '철강', '화학', '분야', '중심', '물류', '유통', '등', '사업', '영역', '영위', '세계', '시장 점유율', '스판덱스', '부가가치', '제품', '판매', '확대', '동유럽', '시장', '개척', '글로벌', '시장', '지배력', '확대']"
114,"['동사', '현대', '자동차', '그룹', '속', '회사', '철도', '사업', '방산', '사업', '부문', '플랜트', '사업', '영위', '국내', '세계', '차종', '철도', '차량', '핵심', '장', '품', '공급', '신호', '통신', '등', '철도', '시스템', '분야', '사업', '영역', '확대', '방산', '부문', '장애물', '개척', '전차', '양산', '진행', '플랜트', '부문', '제철소', '수주', '경험', '바탕', '턴키', '공사', '진출', '준비', '중']"
115,"['동사', '대림산업', '주식회사', '영위', '사업', '중', '건설', '사업', '부문', '분할', '등기일', '기준', '인적', '분할', '유가증권', '시장', '상장', '동사', '포함', '연결', '대상', '종속', '기업', '건설', '오산', '랜드마크', '프로젝트', '해외', '현지', '법인', '동사', '역대', '최고', '분', '양가', '기록', '성수동', '아크', '서울', '포레스트', '성공', '분양', '당사', '사업', '수행', '역량', '바', 'DL', 'DL']"
116,"['동사', '중형', '선박', '건조', '부문', '세계', '수준', '업체', '성장', '지주회사', '한국', '조선', '해양', '주', '인프라', '시장', '변화', '지속', '대응', '석유화학', '제품', '운반선', '중형', '컨테이너', '운반선', '등', '중심', '시장', '지배력', '확대', '에틸렌', '운반선', '등', '고부', '특수', '선박', '시장', '성공', '진출', '환경', '규제', '강화', '대비', '친환경', '에너지', '효율', '디자인', '개발', '신규', '노', '후선', '대체', '수요', '창출', '판매', '전략', 'R', 'D', 'LPG']"
117,"['해상보험', '전업', '회사', '보험업', '진출', '해상', '화재', '자동차', '특종', '장기', '연금', '퇴직', '보험', '등', '손해보험', '업', '사업', '영위', '매출', '자산', '규모', '최상', '위치', '차지', '대형', '우량', '손해보험', '회사', '보험', '회사', '전문', '신용', '평가', '기관', 'Best', '의', '신용등급', '획득', '상반기', '시장', '점유', '국내', '손해보험', '업계', '시장', '지배력', '유지', 'A', 'M', 'A', 'Excellent']"
118,"['동사', '설립', '주류', '판매', '기업', '계열', '회사', '동사', '영업', '부문', '맥주', '사업', '소주', '사업', '생수', '사업', '기타', '사업', '부문', '구성', '이중', '소주', '사업', '매출', '상당', '부분', '차지', '대한민국', '대표', '소주', '브랜드', '글로벌', '소주', '브랜드', '참이슬', '위상', '진로', '성공', '출시', '소주', '시장', '바람']"
119,"['한화그룹', '지주회사', '역할', '한화', '생명', '한화', '에어', '로스', '페이스', '한화케미칼', '등', '계열사', '지분', '보유', '자체', '사업', '화약', '방산', '기계', '무역', '부문', '화약', '부문', '발파', '기술', '사업', '발파', '해체', '사업', '불꽃', '프로모션', '사업', '등', '사업', '영역', '확대', '방산', '부문', '정밀', '유도', '무기', '포함', '정밀', '타격', '분야', '사업', '영역', '확대', '기계', '부문', '산업', '핵심', '설비', '개발', '프로젝트', '수행', '능력', '확보', '무역', '부문', '자체', '영업', '전문', '보유', '사업', '확대']"
120,"['발전소', '플랜트', '관련', '엔지니어링', '업체', '원자력', '발전소', '설계', '수', '화력', '발전소', '설계', '발전', '설비', '플랜트', '건설', '사업', '사업', '등', '영위', '세계', '유일', '원자로', '계통', '설계', '원전', '종합', '설계', '수행', '미국', '비전', '어', '워드', '지속', '가능', '경영', '부문', '부문', '금상', '수상', '엔지니어링', '협회', '해외', '개척', '수상함', 'O', 'M', 'PM', 'CM', 'LACP', 'CSR']"
121,"['동사', '종합', '조선', '해양', '전문', '회사', '사업', '부문', '선박', '해양', '사업', '건설', '사업', '기타', '사업', '에너지', '식품', '사업', '풍력', '사업', '서비스', '사업', '해상', '화물', '운송', '사업', '등', '구성', '선박', '해양', '산업', '시설', '자금', '투입', '수반', '기간산업', '자본', '집약', '선박', '해양', '제품', '건조', '노동', '집약', '특성', '도', '생산', '전문화', '자회사', '생산', '전문화', '사외', '권역', '생산', '운영', '전략', '안', '벽', '운영', '방안', '수립', '등', '최적', '생산', '체계', '구축함']"
122,"['동사', '동화', '백화점', '설립', '유가증권', '시장', '상장', '매매', '개시', '사업', '영역', '백화점', '사업', '패션', '라이프', '스타일', '화장품', '제조', '도소매', '사업', '면세점', '사업', '부동산', '여객', '터미널', '업', '관광', '호텔업', '가구', '소매업', '세분', '신세계', '센트럴시티', '신세', '계동', '대구', '복합', '환승', '센터', '신세계', '터', '내', '까사미아', '서울고속', '버스', '터미널', '등', '연결', '대상', '종속', '회사', '보유']"
123,"['동사', '코오롱', '제조', '사업', '부문', '분할', '신설', '제조', '회사', '분할', '등기', '완료', '사업', '특성', '산업', '자재', '군', '화학', '소재', '군', '필름', '전자', '재료', '군', '패션', '군', '의류', '소재', '등', '사업', '군', '산업', '자재', '군', '매출', '비중', '차지', '세계', '최초', '폴', '더블', '디스플레이', '핵심', '부품', '윈도우', '커버', '투명', '폴리', '미드', '필름', '상표', '명', '생산', '판매', 'CPI']"
124,"['그룹', '계열사', '동사', '설립', '반도체', '제조', '사업', '영위', '웨이퍼', '수탁', '생산', '판매', '담당', '사업', '디스플레이', '구동', '등', '자사', '제품', '설계', '판매', '사업', '운영', '부천', '상', '우', '곳', '공장', '해외', '영업', '미국', '법인', '대만', '일본', '중국', '지사', '운영', 'DB', 'Fou', 'ndry', 'SensorIC', 'Brand', 'FAB', 'FAB']"
125,"['동사', '설립', '유가증권', '시장', '상장', '한화', '에어로', '스페이스', '주식회사', '상호', '변경', '항공기', '가스', '터빈', '엔진', '자주포', '장갑차', '칩', '마운', '터', '등', '생산', '판매', '기술', '활용', '서비스', '제공', '사업', '영위', '엔진', '사업', '핵심', '기술', '진입', '장벽', '장기간', '개발', '투자', '필요', '방산', '산업', '단일', '수요자', '대상', '판매', 'CCTV', 'IT']"
126,"['국내', '브랜드', '사업', '설립', '글로벌', '상표', '인수', '물적', '분할', '지주회사', '변경', '물적', '분할', '존속', '법인', '국내', '브랜드', '사업', '담당', '신설', '법인', '휠라', '코리아', '분할', '휠라', '홀', '글로벌', '브랜드', '지주회사', '역할', '계열', '회사', '경영', '자문', '투자', '사업', '기타', '부대사업', '등', '사업', '영위', 'FILA', 'FILA']"
127,"['동사', '사업', '자동차', '부품', '기계', '사업', '구분', '자동차', '부품', '엔진', '구동', '부품', '친환경', '부품', '구성', '기계', '사업', '부문', '공작기계', '사업', '특수', '사업', '운용', '부품', '사업', '엔진', '등', '등속', '조인트', '등', '주력', '사업', '영위', '중', '최근', '친환경', '차량', '부품', '관리', '시스템', '수소', '차', '부품', '공기', '압축', '등', '개발', '기계', '부문', '스마트', '팩토리', '협동', '로봇', '등', '점유', '확대', 'ATC', 'e', 'LSD']"
128,"['설립', '동사', '인적', '분할', '실시', '공정거래법', '지주회사', '전환', '동사', '영위', '사업', '중', '섬유', '무역', '사업', '부문', '중공업', '건설', '사업', '부문', '산업', '자재', '사업', '부문', '화학', '사업', '부문', '분할', '효성', '티애', '씨', '효성', '중공업', '효성', '첨단', '소재', '효성', '화학', '설립', '연결', '대상', '종속', '회사', '효성', '공덕', '경우', '개발', '효성', '굿', '스프', '링스', '등', '효성', '피탈', '새마을금고중앙회', '매각', 'T', 'S', 'FMK']"
129,"['동사', '수지', '접착', '코팅', '등', '화학', '사업', '헬스', '사업', '영위', '헬스', '사업', '제약', '분야', '백신', '분야', '구성', '백신', '사업', '전문', '효율', '증진', '사업', '분할', 'SK', '바이오', '사이언스', '설립', '제약', '바이오', '사업', '분야', '천연물', '관절염', '치료제', '혈액', '순환', '개선', '등', '자체', '개발', '신약', '우수', '시장', '점유', 'Copolyester', 'EngineeringPla', 'stic']"
130,"['설립', '동사', '최대주주', '변동', '삼성', '정밀화학', '롯데', '정밀화학', '사명', '변경', '롯데', '그룹', '계열', '회사', '편입', '주', '제품군', '정밀화학', '제품', '메세', '로스', '헤세', '로스', '애니', '코트', '일반', '화학제품', '가성', '소다', '염화', '메탄', '유', '록스', '전자', '재료', '제품', '토너', '등', '친환경', '안전', '건강', '관련', '규제', '소비자', '선호', '변화', '등', '메가', '트렌드', '대응', '스페셜', '티', '케미', '칼', '사업', '확대', '성장', '전략', '정립', 'ECH', 'TMAC']"
131,"['동사', '한국', '케이블', '공업', '주식회사', '설립', '유가증권', '시장', '상장', '지주회사', '주식', '소유', '국내', '회사', '사업', '내용', '지배', '것', '사업', '주', '수입원', '지배', '자회사', '배당금', '브랜드', '수수료', '수입', '등', '동사', '사업', '부문', '연결', '기준', '사업', '형태', '고려', '전선', '사업', '부문', '일렉트릭', '사업', '부문', '사업', '부문', '아이', '앤디', '사업', '부문', '사업', '구분']"
132,"['인적', '분할', '설립', '아웃', '도어', '스포츠', '의류', '신발', '제품', '생산', '수출', '사업', '등', '영위', '자체', '개발', '특수', '패딩', '원단', '등', '관련', '제품', '생산', '판매', '정상화', '투자', '지속', '방글라데시', '공단', '신규', '공장', '설립', '스포츠', '의류', '소재', '경', '편', '니트', '생산', '스웨터', '의류', '생산', '개시', '바이어', '제품 개발', '디자인', '센터', '준비', '중', 'Backpack', 'KEPZ', 'Warp']"
133,"['동사', '설립', '한국거래소', '유가증권', '시장', '상장', '동사', '사업', '내용', '물품', '취급', '장비', '제조업', '설치', '보수', '서비스업', '부동산', '임대업', '관광', '숙박업', '금융업', '등', '구성', '운반기', '계', '산업', '전반', '경기', '변동', '설비', '투자', '동향', '후방', '산업', '연관', '효과', '기술', '파급', '효과', '산업', '특징']"
134,"['동사', '국내', '최초', '종합', '전선', '회사', '대한전선', '주식회사', '설립', '동사', '포함', '계열', '회사', '동사', '사업', '전선', '부문', '기타', '부문', '구분', '제품', '고압', '케이블', '통신', '케이블', '등', '동안', '우수', '신뢰도', '제품력', '강점', '현존', '최고', '등급', '인지', '중', '초', '고압', '케이블', '생산', '운영', '능력', '세계', 'CopperRod']"
135,"['한국전력공사', '전액', '출자', '설립', '발전', '설비', '정비', '전문', '회사', '전력', '설비', '정비', '화력', '원자력', '양수', '송', '변', '전', '대외', '해외', '관련', '기술', '개발', '재생', '에너지', '사업', '수행', '국내', '발전', '회사', '한국', '지역', '난방', '열원', '공급', '설비', '산업단지', '열병합', '설비', '자가발전설비', '등', '유지', '관리', '사업', '참여', '중', '가스', '터빈', '재생', '정비', '기술', '바탕', '지멘스', '웨스팅하우스', '등', '등', '가스', '터빈', '스팀', '터빈', '부품', '재생', '정비', '서비스', '수행', 'GE', 'ABB', 'Non', 'GE']"
136,"['주식회사', '현대', '그린', '푸드', '백화점', '사업', '부문', '분할', '설립', '한국증권거래소', '주권', '상장', '통합', '멤버', '제도', '출시', '포인트', '제도', '통합', '범용', '고객', '편의', '향상', '기여', '남양주시', '신규', '프리미엄', '점', '부지', '확보', '건물', '신축', '공사', '진행', '중', '서울', '영등포구', '여의', '도동', '백화점', '점', '충청북도', '청주시', '점', '계획', 'H', 'Point']"
137,"['동사', '비타민', '산업', '주식회사', '설립', '주식', '상장', '상호', '대웅제약', '변경', '회사', '분할', '지주회사', '전환', '의약품', '생산', '판매', '사업', '영위', '자회사', '대웅제약', '한올바이오파마', '등', '영업', '부문', '의약품', '제조', '판매', '부동산', '임대', '용역', '제공', '기타', '부문', '분류']"
138,"['동사', '설립', '한국거래소', '유가증권', '시장', '상장', '동사', '냉매', '가스', '반도체', '특수', '가스', '전해질', '소재', '국내', '유일', '전문', '제조', '판매', '업체', '동사', '후성', '폴란드', '유한회사', '신규', '연결', '연결', '대상', '종속', '회사', '기업', '집단', '후성', '그룹', '기업', 'LiPF']"
139,"['동사', '설립', '전기', '전자', '계측', '정보', '자동화', '기기', '제조', '판매', '유지', '보수', '목적', '사업', '상장', '전력', '기기', '시스템', '제조', '공급', '자동화기', '기와', '시스템', '제조', '공급', '녹색', '성장', '관련', '그린', '에너지', '사업', '영위', '전력', '산업', '고도', '안전', '신뢰', '요구', '국가', '기반', '산업', '기술', '집약', '산업', '선진', '업체', '산업', '집중', '산업']"
140,"['동사', '설립', '유가증권', '시장', '상장', '기업', '동사', '제외', '계열', '회사', '맞벌이', '등', '독신', '세대', '증가', '편리', '추구', '소비자', '니즈', '부합', '제품', '개발', '건강', '지향', '소비', '트렌드', '당', '함량', '제품', '등', '출시', '업소', '요구', '다품종', '소량', '생산', '체계', '구축', '차별', '업소', '전용', '제품', '생산', '납품', '등', '매출', '신장']"
141,"['동사', '설립', '상장', '계열', '회사', '총수', '태경', '농사', '율', '촌', '화학', '등', '국내', '시장', '스낵', '시장', '주력', '제품군', '브랜드', '파워', '과반', '이상', '시장', '점유', '유지', '뿐', '차별', '제품 개발', '능력', '품질', '우위', '경쟁력', '짬뽕', '건', '배', '홍동', '포', '테', '토', '칩', '미니', '짜', '파', '링', '등', '라면', '스낵', '시장', '프리미엄', '신제품', '지속', '출시']"
142,"['항공', '운송업', '시장', '성격', '여객', '화물', '아시아나항공', '등', '항공', '국내', '공항', '공사', '시스템', '구축', '운영', '노하우', '기반', '대외', '사업', '영위', '항공', '공항', '전문', '기업', '시장', '지위', '확보', '아시아나항공', '국내', '여객', '시', '노선', '국제여객', '국가', '도시', '노선', '국제', '화물', '국가', '도시', '노선', '네트워크', '보유', 'IT']"
143,"['동사', '현대', '산업', '개발', '현대', '산업', '개발', '분할', '건설', '사업', '부문', '사업', '부문', '호텔', '콘도', '사업', '부문', '분할', '설립', '건설', '부동산', '개발', '운영업', '영위', '동사', '수행', '중', '건설', '공사', '자체', '공사', '도급', '공사', '구분', '자체', '공사', '토지', '매입', '시행', '시공', '병행', '개발', '주택', '사업', '도급', '공사', '발주', '처', '수주', '시공', '공사', '형태', '일반', '건축', '토목', '외', '주', '주택', '등', '구분', 'HDC', 'HDC', 'PC']"
144,"['동사', '설립', '한국거래소', '유가증권', '시장', '주식', '상장', '동사', '종합', '패', '징', '첨단', '소재', '전문', '기업', '연포', '장재', '알루미늄', '박', '성형', '용기', '식품', '음료', '유리병', '등', '대부분', '포', '장재', '생산', '포장', '사업', '완성품', '부분', '품', '식품', '산업', '성장', '발전', '최근', '생활', '용품', '의약품', '산업', '용품', '포', '장재', '용도', '확대', 'CAN', 'E', 'O', 'E']"
145,"['분할', '기일', '패션', '사업', '부문', '신설', '회사', '주', '에프앤에프', '설립', '존속', '회사', '상호', '변경', '인적', '분할', '자회사', '등', '배당', '수익', 'F&F', '브랜드', '사용자', '상표', '사용', '수익', '수입원', '종속', '회사', '패션', '사업', '영위', '등', '브랜드', '보유', '물류', '투자', '사업', '보유', 'MLB', 'MLBKIDS']"
146,"['분할', '전인', '타이어', '제조', '판매', '등', '주', '업', '영위', '분할', '신설', '회사', '한국타이어', '사업', '부문', '인적', '분할', '상호', '변경', '한국타이어', '기업', '집단', '한국타이어', '앤', '테크놀로지', '주식회사', '포함', '국내법', '해외', '법인', '수익원', '종속', '기업인', '축', '전지', '제품', '매출', '자회사', '한국타이어', '앤', '테크놀로지', '등', '경영자', '문', '용역', '매출', '임대', '사업', '수익', '등', '주']"
147,"['동사', '주식회사', '사업', '부문', '인적', '분할', '설립', '종속', '회사', '의약품', '제조', '판매업', '영위', '종속', '회사', '한올바이오파마', '포함', '회사', '구성', '의약품', '제조', '판매', '영위', '제품', '우루사', '알비스', '임', '팩', '타', '민', '등', '용도', '의약품', '구성', '영업', '사원', '디테일', '능력', '향상', '제품 차별화', '포인트', '선진', '마케팅', '기법', '교육', '등', '판매', '강화']"
148,"['동사', '철광석', '철', '스크랩', '등', '용해', '열연', '냉연', '강관', '봉형강', '등', '산업', '영위', '철강', '수요', '부문', '경기', '변화', '특징', '대표', '전략산업', '정부', '적극', '정책', '지원', '민간', '경영', '노력', '조화', '한국', '경제', '성장', '견인차', '역할', '전략', '제품', '마케팅', '역량', '집중', '수요', '조사', '시장', '개척', '제품 개발', '주력', '부가가치', '제품 개발', '판매', '집중']"
149,"['전자', '퓨얼', '파워', '유통', '디지털', '이노베이션', '등', '자체', '사업', '영위', '전자', 'BG', '전자제품', '필수', '사용', '전자', '부품', '생산', '사업', '박', '유리', '섬유', '에폭시', '수지', '폴리', '이', '미드', '등', '원료', '박', '판', '생산', '연결', '대상', '종속', '회사', '포함', '회사', '영위', '사업', '두산중공업', '두산', '밥캣', '두산건설', '두산', '퓨얼', '셀', '등', '등']"
150,"['동사', '금호산업', '타이어', '산업부', '자', '산부채', '현물출자', '영업', '양수도', '설립', '한국', '중국', '미국', '베트남', '위치', '타이어', '생산', '공장', '토대', '글로벌', '생산', '체계', '구축', '세계', '판매', '네트워크', '타이어', '제조', '판매', '기업', '해외', '판매', '법인', '해외', '지사', '사무소', '글로벌', '타이어', '판매', '담당', '한국', '중국', '미국', '독일', '지역', '센터', '운영', 'R', 'D']"
151,"['설립', '화장품', '연구개발', '생산', '전문', '기업', '한국', '대표', '화장품', '전문', '기업', '이로', '화장품', '매출', '기준', '세계', '기업', '국내외', '브랜드', '화장품', '공급', '해외', '고객', '세계', '최대', '화장품', '그룹', '그룹', '미국', '글로벌', '그룹', '일본', '최대', '그룹', '등', '제품', '공급', '전체', '인력', '연구개발', '인력', '차지', '복합', '연구', '조직', '코스맥스', '센터', '운영', 'ODM', 'ODM', 'L', 'E', 'S', 'R', 'I']"
152,"['동사', '탄산', '음료', '주스', '등', '음료', '제품', '소주', '맥주', '등', '주류', '제품', '보유', '종합', '음료', '회사', '롯데', '기업', '집단', '계열', '회사', '사업', '부문', '음료', '부문', '주류', '부문', '구성', '제품', '칠성사이다', '레쓰비', '처음처럼', '클라우드', '등', '동사', '제품', '대형', '할인', '매장', '편의점', '뿐', '소매점', '등', '소비자', '판매', '대리점', '채널', '운영']"
153,"['동사', '국내', '여행', '시작', '해외여행', '시장', '진출', '해외여행', '사업', '본부', '크루즈', '사업', '본부', '국내', '여행', '대리점', '여행사', '업무', '협력', '영업', '활동', '시장', '점유', '확대', '중임', '패키지', '상품', '법인', '영업', '크루즈', '자유', '맞춤', '여행', '등', '전문', '상품', '항공권', '유학', '어학연수', '등', '형태', '상품', '판매', '국내', '여행', '부문', '일반', '패키지', '상품', '뿐', '지자체', '협업', '특화', '상품', '출시', '재래시장', '지역', '경제', '활성', '동참', '중임']"
154,"['설립', '대림산업', '인적', '물적', '분할', '순수', '지주회사', '전환', '기준', '동사', '속', '기업', '집단', '명', '대림', '변경', '이', '앤', '씨', '케미', '칼', '설립', '브랜드', '수수료', '배당', '수익', '임대', '수익', '등', '지주회사', '사업', '영위', '동사', '지배', '회사', '연결', '대상', '포함', '회사', '제조', '에너지', '투자', '기타', '부문', '사업', '영위', 'DL', 'DL', 'DL']"
155,"['현대', '건설', '토목', '사업부', '분리', '독립', '벽', '콘크리트', '설립', '상호', '변경', '일신', '건설', '산업', '합병', '사업', '콘크리트', '제품', '제조업', '건축', '주택', '건설', '사업', '토목건축', '공', '사업', '등', '영위', '자회사', '해상', '운송', '재활용', '등', '사업', '영위', '매출', '발생', '건설업', '한계', '보완', '적극', '진행', 'M', 'A']"
156,"['동사', '설립', '의약품', '의약', '부', '외', '품', '제조', '매매', '업', '의료', '용구', '위생', '용품', '등', '제조', '매매', '업', '식료품', '식품', '첨가', '물', '제조', '매매', '업', '등', '사업', '영위', '동사', '혈액', '제제', '백신', '제제', '필두', '전문', '의약품', '제제', '등', '의약품', '제조', '판매', '말', '기준', '국내', '등록', '특허', '해외', '등록', '특허', '보유', '해외', '각국', '정도', '심사', '진행', '중임', 'OTC']"
157,"['동사', '분할', '기준일', '투자', '사업', '부문', '담당', '존속', '법인', '사업', '부문', '담당', '신설', '회사', '종근당', '인적', '분할', '설립', '한국거래소', '유가증권', '시장', '상장', '신약', '개량', '신약', '제네릭 의약품', '우수', '개발', '능력', '보유', '연간', '매출액', '대비', '이상', '연구개발', '투자', '집행', '표적', '항암제', '자가면역질환', '치료제', '등', '신약', '개발', '임상', '진행', '중']"
158,"['설립', '에틸렌', '등', '올레', '핀', '류', '기초', '유부', '제품', 'EG', '등', '생산', '울산', '공장', '합성수', '지', '원료', '사용', '일부', '판매', '울산', '산', '석유화학', '공업', '단지', '수직', '계열', '생산', '시설', '보유', '에틸렌', '프로', '필레', '시', '황', '변화', '안정', '원료', '공급', '수', '공장', '선택', '생산', '수', '시스템', '합성수지', '시', '황', '탄력', '운영', '이익', '극대', 'EO', 'HDPE', 'PP']"
159,"['설립', '기타', '유가', '금속', '등', '제조', '판매', '종합', '비철금속', '제련', '회사', '비철금속', '제련', '사업', '영위', '자회사', '인쇄', '회', '로기', '판', '제조업', '반도체', '패키지', '업', '용역', '농업', '등', '영위', '당기', '말', '연결', '대상', '종속', '회사', '보유', '중임', '당기', '말', '기준', '사업부', '문별', '매출', '비중', '제련', '전자', '부품', '반도체', '상품', '중계', '연결', '조정', '구성']"
160,"['직물', '회사', '설립', '동사', '국내외', '네트워크', '물류', '능력', '기반', '석유', '제품', '중심', '에너지', '유통', '휴대폰', '중심', '정보통신', '유통', '글로벌', '무역업', '영위', '렌터카', '자동차', '경', '정비', '등', '사업', '주방', '가전', '환경', '가전', '레', '사업', '등', '성장', '사업', '워커힐', '호텔', '운영', '정보', '통신', '사업', '자회사', 'SK', '서비스', 'SK', '텔레콤', 'SK', '브로드', '밴드', '네트워크', '망', '운용', '통신', '시스템', '장비', '유통', '등', '서비스', '제공', 'CarBiz']"
161,"['신세계그룹', '종합', '생활', '문화', '기업', '해외', '유명', '패션', '브랜드', '국내', '직수입', '우량', '유통', '채널', '판매', '여성', '복', '등', '캐주얼', '브랜드', '라이프', '스타일', '브랜드', '기획', '생산', '유통', '해', '외', '력', '리', '자체', '코스', '메', '틱', '브랜드', '기획', '생산', '유통', '코스', '메', '틱', '부문', '사업', '전개', '중', '등', '동사', '유통', '브랜드', '임', '매출', '패션', '라이프', '스타일', '코스', '메', '틱', '구성', 'RMANI', 'CELINE', 'DIPTYQ', 'UE']"
162,"['동사', '페이스북', '플랫폼', '더블유', '카지노', '더블', '다운', '카지노', '등', '소', '카지노', '게임', '개발', '서비스', '소', '카지노', '사업', '안정', '캐주얼', '하이퍼', '캐주얼', '장르', '등', '신작', '개발', '게임', '포트폴리오', '다각', '등', '장르', '확장', '중임', '더블유', '카지노', '더블유', '빙고', '테이크', '등', '모바일', '게임', '서비스', 'iOS', 'Google', 'Dou', 'bleUCas', 'ino', 'Dou', 'bleDownCas', 'ino']"
163,"['설립', '동사', '광고업', '광고', '대행', '광고물', '제작', '뉴미디어', '디지털', '마케팅', '프로모션', '옥외', '광고', '등', '영위', '현대', '자동차', '그룹', '주력', '광고', '계열사', '광고', '취급', '액', '제일기획', '국내', '번', '현대', '기아', '차', '그룹', '계열사', '덕분', '안정', '매출', '미국', '광고', '제작', '대행', '사인', '인수', '호주', '디지털 마케팅', '회사', '웰컴', '그룹', '인수', 'D', 'G']"
164,"['설립', '동사', '사업', '등', '생산', '석유화학', '부문', '원사', '직물', '등', '생산', '섬유', '부문', '등', '영위', '제조', '임대', '부문', '품질', '설비', '우위', '경쟁력', '확보', '프로', '필레', '등', '석유화학', '공장', '가동', '수직', '계열', '구축', '업계', '선도', '연결', '실체', '중', '방송', '통신', '부문', '종합', '유선', '방송', '사업자', '티브로드', '서비스', '명', '케이블', 'TV', '방송', '초고', '속', '인터넷', '서비스', '등', '사업', '영위', 'PTA', 'AN', 'PTA', 'AN']"
165,"['동사', '자동차', '산업', '축', '전지', '제조', '판매', '목적', '설립', '유가증권', '시장', '상장', '동사', '축', '전지', '제조', '판매', '사업', '연결', '대상', '종속', '회사', '포함', '회사', '영위', '사업', '비철금속', '제련', '업', '자동차', '부품', '판매', '판매', '주선', '전자', '부품', '제조업', '등', '창립', '동안', '축', '전지', '개발', '전력', '질주', '국내', '축', '전지', '산업', '기술', '품질']"
166,"['엔터테인먼트', '호주', '합작', '법인', '주', '설립', '품질', '멀티플렉스', '극장', '국내', '최초', '보급', '일관', '위주', '상영', '문화', '종합', '엔터테인먼트', '플랫폼', '선진', '영화', '상영', '업계', '시장', '점유', '타이틀', '유지', '골드', '클래스', '씨', '드', '쉐프', '등', '프리미엄', '상영관', '운영', 'CJ', 'VillageCinemaI', 'nternationalPTYLTD', 'CJ', 'Village', 'ScreenX']"
167,"['온라인', '판매', '주력', '글로벌', '매트리스', '가구', '기업', '생산', '판매', '영역', '글로벌', '수직', '계열', '구축', '동사', '판매', '제품', '해외', '공장', '자체', '생산', '중', '중국', '인도네시아', '미국', '전문화', '생산', '시설', '보유', '동사', '침대', '가구', '전문점', '독점', '침대', '판매', '시장', '온라인', '판매', '경로', '개척', '유통', '시장', '획기적', '변화', '발단']"
168,"['동사', '연결', '대상', '종속', '회사', '냉연', '강판', '석도', '강판', '칼라', '강판', '등', '각종', '표면', '처리', '강판', '제품', '생산', '국내외', '판매', '글로벌', '철강', '전문', '회사', '임', '철강재', '자동차', '조선', '전자', '기계', '건설', '등', '대부분', '산업', '기초', '소재', '때문', '소재', '산업', '특성', '전후', '방', '산업', '연관', '효과', '시장', '규모', '제조업', '종', '편', '채권단', '공동', '관리', '체제', '그룹', '가족사', '편입', 'KG']"
169,"['설립', '동사', '사업', '부문', '에너지', '석탄', '석유', '등', '생활', '자원', '솔루션', '부문', '화학', '헬스', '전자', '부품', '등', '물류', '부문', '해상', '운송', '항공', '운송', '등', '구분', '산업', '재', '솔루션', '부문', '중동', '동남아', '시장', '중심', '사업', '확대', '프로젝트', '경쟁력', '강화', '에너지', '부문', '중국', '내', '몽고', '위치', '석탄', '화공', '플랜트', '지분', '인수', '비료', '사업', '참여', '중임', 'CIS', 'Trading']"
170,"['동사', '설립', '국내', '제약', '시장', '각종', '의약품', '생산', '판매', '국민', '건강증진', '기여', '유가증권', '시장', '상장', '주', '사업', '합성', '의약품', '바이오', '의약품', '연구개발', '제조', '판매', '신약', '부문', '자가면역질환', '안구', '질환', '면역', '항암', '치료제', '등', '바이오', '신약', '개발', '진행', '동사', '자회사', '미국', '현지', '법인', '당사', '개발', '신약', '해외', '임상', '진행', '라이선스', '업무', '등', '담당', 'HPI']"
171,"['동사', '브랜드', '신발', '제조업자', '개발', '생산', '방식', '생산', '사업', '영위', '화승', '비', '등', '자회사', '외국', '기업', '지배', '지주회사', '신발', '사업', '부문', '관리', '기준', '아디다스', '운동화', '제조', '업체', '중', '생산', '업체', '화승', '점유', '차지', '것', '파악', '매출', '구성은', '제품', '제품', '화', '학용품', '산업', '용품', '연결', '조정', 'ODM', 'M', 'S', 'ADIDAS', 'REEBOK']"
172,"['동사', '종속', '기업', '여성', '의류', '제조', '판매', '것', '사업', '백화점', '직영점', '등', '오프라인', '유통', '채널', '자사', '온라인', '중심', '제품', '판매', '한섬', '생해', '상무', '유한', '공사', '등', '기업', '연결', '대상', '종속', '회사', '보유', '랑방', '컬렉션', '등', '동사', '보유', '브랜드', '임', '온라인', '선호', '소비자', '트렌드', '라이브', '등', '판매', '채널', '다각', '데', '주력', 'TIME', 'MINE', 'SYSTEM']"
173,"['한국콜마', '분할', '설립', '화장품', '사업', '제약', '사업', '영위', '화장품', '업계', '최초', '국내', '방식', '정착', '시장', '선도', '기업', '지속', '투자', '기술', '개발', '업계', '선두', '지위', '유지', '화장품', '사업', '희망자', '컨설팅', '제공', '제품', '뷰티', '헬스', '프로덕션', '플랫폼', '론', 'ODM', 'CMO', 'ODM']"
174,"['동사', '설립', '유가증권', '시장', '상장', '태광', '실업', '남해화학', '인수', '정밀화학', '기업', '질산', '토대', '초안', '생산', '한국', '바스프', '한화', '한화케미칼', '등', '장기', '공급', '계약', '질산', '공급', '경기', '반도체', '자동차', '가구', '건설', '내장재', '질산', '수요', '대부분', '차지', '국내', '경기', 'DNT', 'MNB', 'OCI']"
175,"['동사', '설립', '주식회사', '상호', '변경', '동사', '수익', '브랜드', '사용', '수익', '임대', '수익', '종속', '회사', '등', '수취', '배당금', '수익', '등', '연결', '실체', '사업', '부문', '제과', '영상', '건설', '지주', '기타', '등', '구분', '국내', '시장', '초코파이', '포', '카', '칩', '오징어', '땅콩', '우수', '장수', '브랜드', '안정', '실적', '건강', '성장', '신제품', '출시', '성공', '시장', '지배력', '유지']"
176,"['동사', '설립', '카지노', '관광', '숙박업', '등', '사업', '영위', '동사', '외국인', '카지노', '사업', '특성', '외국인', '출입국', '방문', '밀접', '영향', '한중', '갈등', '관광객', '감소', '회복세', '중', '코로나', '발생', '영업장', '휴', '장', '현재', '테이블', '슬롯머신', '전자', '게임', '테이블', '가동', 'ETG']"
177,"['동사', '설립', '모태', '대한민국', '자주국방', '기치', '아래', '설립', '금성', '정밀', '공업', '임', '동사', '고객', '한국', '정부', '방위', '사업', '청', '국방과학연구소', '군', '등', '계약', '제품', '연구개발', '생산', '성능', '개량', '후속', '지원', '등', '사업', '동사', 'LG', '주식회사', '방위', '산업', '부문', '영업', '양수', '방산', '물자', '연구개발', '제조', '정비', '판매', '사업', '영업', '영위']"
178,"['동사', '인적', '분할', '설립', '신설', '회사', '상장', '분할', '회사', '영위', '사업', '중', '생활', '가전', '제조', '레', '사업', '영위', '주력', '부문', '생활', '가전', '레', '탈', '개인', '고객', '대상', '품목', '정수기', '비데', '공기', '청정', '등', '전기레인지', '안마', '의자', '매트리스', '등', '영역', '확대', '중', '정수', '레', '사업', '브랜드', '파워', '레', '자체', '운영', '조', '구축', '전국', '단위', '레', '유통', '네트워크', '구성', '정수기', '시장 점유율', '유지', '중']"
179,"['동사', '설립', '의약품', '제조', '매매', '소분업', '무역업', '무역', '대리', '업', '부동산', '매매', '임대업', '등', '영위', '의약품', '제조', '매매', '소분업', '원료', '의약품', '의약', '부', '외', '품', '등', '제조', '매매', '소분업', '등', '영위', '의약품', '생명', '공학', '관련', '제품', '제공', '스토가', '뮤코미스트', '메이액트', '맥스핌', '부스파', '메게이스', '등', '라이선스', '을', '동사', '대표', '전략', '품목']"
180,"['세', '예스', '인적', '분할', '설립', '한국거래소', '유가증권', '시장', '상장', '미국', '유명', '바이어', '주문', '주문자', '상표', '부착', '생산', '제조', '자', '개발', '생산', '방식', '수출', '글로벌', '패션', '기업', '고객', 'H&M', '등', '주력', '품목', '셔츠', '의류', '니트', '숙녀', '복', '정장', '쥬', '얼', '의류', '등', 'OEM', 'ODM', 'TARGET', 'OLDNAVY', 'GAP', 'KOHL', 'S', 'WAL', 'MART', 'PINK']"
181,"['동사', '설립', '의약품', '의약', '외', '품', '제조업', '판매업', '연구개발', '등', '생명', '공학', '관련', '사업', '영위', '회사', '유가증권', '시장', '상장', '동사', '제품', '레', '가로', '치', '옥', '시드', '훼', '바', '씨', '지로', '이드', '액', '시마', '아', '프로', '벨', '메딘', '등', '동사', '전국', '대상', '영업', '활동', '매출', '품목', '전문', '의약품', '일반의약품', '슈퍼', '대형', '마트', '등', '의약', '외', '품', '건강', '기능', '식품', '등', '구분', '수']"
182,"['동사', '설립', '풍산홀딩스', '풍산', '인적', '분할', '설립', '한국거래소', '유가증권', '시장', '주식', '상장', '신동', '사업', '부문', '합금', '판', '리드', '프레임', '재', '봉', '선', '주화', '용', '소전', '등', '생산', '방산', '사업', '부문', '소구경', '구경', '각종', '군용', '탄약', '스포츠', '탄약', '추진', '화약', '탄약', '부분', '품', '정밀', '단조', '품', '등', '생산']"
183,"['동사', '설립', '연결', '대상', '종속', '회사', '한국증권거래소', '상장', '현재', '단체', '급식', '공산품', '식품', '유통', '사업', '식', '사업', '법인', '영업', '사업', '가구', '사업', '중장비', '제조', '사업', '사업', '영위', '동사', '종속', '회사', '푸드', '서비스', '유통', '법인', '영업', '여행', '중장비', '가구', '제조', '컴퓨터 프로그래밍', '시스템', '통합', '관리', '사업', '부문', '등', '구성']"
184,"['동사', '선', '경합', '섬', '주식회사', '설립', '유가증권', '시장', '상장', '분할', '기일', 'SK', '디스커버리', '주식회사', '상호', '변경', '투자', '부문', 'SK', '디스커버리', '주식회사', '사업', '부문', 'SK', '케미', '칼', '주식회사', '인적', '분할', '순수', '지주회사', '수익', '자회사', '등', '수취', '배아', '금', '수익', '임', '자회사', '친환경', '소재', '가스', '혈액', '제제', '사업', '등', '사업', '영위']"
185,"['동사', '회사', '주식', '소유', '회사', '지배', '목적', '지주', '사업', '투자', '임대', '사업', '등', '영위', '사업', '지주회사', '임', '삼양사', '삼양', '바이오', '삼남', '석유화학', '등', '포함', '자회사', '동사', '신규', '사업', '차세대', '성장', '동력', '사업', '선정', '투자', '검토', '진행', '중임', '국가', '성장', '동력', '영역', '외', '미래', '사업', '후보', '중', '구체', '사업', '대상', '검토', '중임']"
186,"['동사', '의약품', '제조', '판매', '목적', '설립', '한국거래소', '상장', 'KT&G', '그룹', '계열사', '바이오', '제약', '사업', '부문', '중', '추적', '역할', '수행', '국내외', '제약', '시장', '지속', '혁신', '제품 개발', '능력', '등', '우수', '사업', '입증', '항생', '주사제', '경장', '영양제', '하모니', '란', '고지혈증', '제제', '오마', '특', '발', '섬유', '증', '제제', '파이', '브로', '정', '등', '중대형', '품목', '주력', '제품']"
187,"['동사', '방송', '채널', '사용', '사업', '홈쇼핑', '프로그램', '제작', '공급', '도', '소매업', '등', '목적', '설립', '유가증권', '시장', '주식', '상장', '홈쇼핑', '인터넷', '쇼핑몰', '사업', '영위', '정수', '레', '업체', '현대', '레', '탈', '플라스틱', '창', '호', '제조', '업체', '현대', '엘', '앤', '씨', '등', '기업', '연결', '대상', '종속', '회사', '보유', '현대', '백화점', '그룹', '계열', '편입', '판매', '채널', '확대', '계열사', '현대', '리바트', '시너지', '도약', '목표', 'TV']"
188,"['동사', '설립', '유가증권', '시장', '상장', '원', '양', '어업', '참치', '포함', '수산물', '가공', '판매', '유통', '사업', '위탁', '사', '위탁', '보관', '배', '송', '하역', '등', '업무', '수행', '물류', '사업', '등', '사업', '진행', '국내', '최초', '인증', '참치', '프랑스', '수출', '지속', '안전', '수산물', '세계', 'MSC', 'MarineStewards', 'hipCouncil']"
189,"['동사', '조미료', '식품', '첨가', '물', '제조업', '등', '영위', '목적', '설립', '상장', '연결', '회사', '식품', '사업', '소재', '사업', '중심', '음식료품', '제조', '업체', '음', '식료', '소비자', '고객', '만족', '경영', '대한민국', '최고', '종합', '식품', '기업', '성장', '발전', '국내', '대표', '종합', '식품', '브랜드', '청정', '원', '중심', '순창', '고추장', '햇살', '담', '간장', '등', '종가', '집', '중심', '김치', '두부', '등', '신선', '식품', '생산', '판매']"
190,"['동사', '전기밥솥', '업계', '국내', '당사', '주방', '가전', '생활', '가전', '등', '분야', '사업', '전개', '건강', '생활', '가전', '기업', '동사', '전기밥솥', '전기', '압력', '밥솥', '품목', '세계', '일류', '상품', '선정', '현재', '세계', '일류', '상품', '인정', '동사', '쿠', '체', '국내', '전기밥솥', '시장', '대부분', '차지', '과점', '동사', '시장', '점유', '압도', '적', '우위']"
191,"['동사', '동원산업', '분할', '설립', '식품', '제조', '판매', '사업', '영위', '사업', '부문', '일반', '식품', '조미', '유통', '부문', '사료', '부문', '구성', '종속', '회사', '구성', '제품', '동원', '참치', '등', '리', '죽', '샘물', '전략', '사업', '집중', '육성', '마케팅', '역량', '집중', '목표']"
192,"['동사', '자동차', '친환경', '모터', '계기판', '샤시', '에어백', '등', '핵심', '부품', '소구경', '화기', '류', '소총', '권총', '기관총', '등', '등', '방산', '제품', '생산', '업체', '자동차', '부품', '기술력', '품질', '우수', '글로벌', '세계', '각국', '현대', '기아자동차', '푸조', '시트로엥', '등', '글로벌', '완성', '차', '업체', '공급', '친환경', '기차', '수소', '연료전지', '차', '등', '구동', '모터', '핵심', '부품', '지속', '공급', '증가', '방산', '안정', '매출', '시현', '중임', 'Tier', 'GM', 'PSA']"
193,"['설립', '유가증권', '시장', '상장', '자동차', '타이어', '제조', '판매', '레', '탈', '타이어', '부문', '운송', '보관', '금형', '제작', '수리', '과제', '빵', '업', '타이어', '사업', '부문', '구성', '기업', '자리', '국내', '본사', '거점', '중국', '미주', '유럽', '동남아', '등', '글로벌', '판매', '네트워크', '타이어', '제조', '판매', 'Global', 'Tire']"
194,"['동사', '사명', '두산인프라코어', '변경', '건설', '중장비', '엔진', '등', '생산', '판매', '사업', '영위', '건설기계', '관련', '북미', '유럽', '등', '선진', '시장', '채널', '역량', '제품', '경쟁력', '강화', '관리', '체계', '효율', '지속', '사업', '성장', '추진', '엔진', '사업', '최신', '규제', '만족', '친환경', '소형', '엔진', '안정', '공급', '국내외', '농기계', '지게차', '업체', '공급', '확대', '진행', '중임', 'Bobcat']"
195,"['동사', '인적', '분할', '설립', '신설', '회사', '유가증권', '시장', '상장', '별', '사업', '영위', '순수', '지주회사', '성격', '인터내셔널', '하우시스', '세미', '콘', '국내', '자회사', '보유', '각자', '회사', '사업', '상품', '중개업', '인터내셔널', '건축', '플라스틱', '제품', '제조업', '하우시스', '시스템', '반도체', '설계', '제조업', '세미', '콘', '기타', '기초', '유기', '화합물', '제조업', '영위', 'LX', 'LX', 'LXMMA', 'LX', 'LX', 'LX', 'IC', 'LX', 'LXMMA']"
196,"['하이', '마트', '설립', '동사', '가전제품', '도소매업', '영위', '기준', '점포', '물류', '센터', '운영', '중임', '동사', '최대주주', '유진기업', '변경', '후', '롯데', '쇼핑', '바', '상호', '롯데', '하이', '마트', '변경', '업계', '카테고리 킬러', '업체', '규모의 경제', '실현', '최고', '브랜드', '인지도', '확보', '바탕', '합리', '가격', '최고', '서비스', '고객', '제공']"
197,"['동사', 'LG', '그룹', '계열사', 'LG', '화학', '산업', '사업', '부문', '분할', '설립', '기업', '동사', '제품', '창', '호', '바닥재', '인조', '대리석', '등', '건축', '자재', '자동차', '부품', '원단', '인테리어', '가전', '표면', '재', '등', '산업', '필름', '등', '동사', '국내', '중국', '북미', '유럽', '등', '핵심', '시장', '고객', '중심', '사업', '활동', '전개', '스톤', '인조', '대리석', '자동차', '원단', '등', '글로벌', '시장', '선도', '지위', '확보']"
198,"['동사', '유지', '공업', '식품', '도매', '업', '영위', '설립', '면류', '스낵', '류', '유제품', '조미', '소재', '등', '제조', '판매', '식량난', '극복', '국내', '최초', '삼양라면', '생산', '이후', '출시', '불닭볶음면', '매운맛', '지속', '경쟁', '우위', '유지', '중임', '미국', '러시아', '유럽', '중국', '동남아', '중동', '등', '세계', '각지', '삼양라면', '불닭볶음면', '등', '제품', '수출']"
199,"['동사', '설립', '의약품', '등', '제조', '판매업', '등', '영위', '기업', '제품', '하이트', '린', '원비디', '등', '동사', '신약', '항', '궤양', '위', '십이지장', '궤양', '위궤양', '국내', '신약', '허가', '이후', '역류', '식도염', '균', '요법', '적응', '증', '추가', '수출', '시장', '확대', '목적', '승인', '완료', '다', '국가', '완', '원료', '수출', '진행', 'H', 'pylori', 'WHOPQ']"
